Compound,Negative,Neutral,Positive,Source_Account,Timestamp,Tweets,Tweets_Ago
0.4404,0.0,0.828,0.172,@BBC,Sun Jan 07 18:40:59 +0000 2018,RT @DavidGarval: More than 230000 signaturas supporting @BBC @TheEconomist @CNN @FinancialTimes @USATODAY @Frankfurter @dailytelegraph @gua‚Ä¶,1
0.2263,0.177,0.651,0.172,@BBC,Sun Jan 07 18:40:47 +0000 2018,"@qikipedia Not in the Netherlands, unfortunately üò≠ (cc would be happy to pay for unlimited online access, @BBC)",2
0.0,0.0,1.0,0.0,@BBC,Sun Jan 07 18:40:44 +0000 2018,"ÊîøÊ≤ªÂÆ∂„Å®„ÅØÔºüÂÄã‰∫∫„ÅÆÈ°î„Å™„Åó@NOSUKE0607: „Äå‰∏éÂÖö„Åã„Çâ„ÅÆÂèÇÂä†ËÄÖ„ÅØ„Çº„É≠„Äç
„Åì„Çå„Åå‰Ωï„ÇíÊÑèÂë≥„Åô„Çã„ÅÆ„ÅãÔºü„Åï„ÅÇ„Åø„Çì„Å™„ÅßËÄÉ„Åà„Çà„ÅÜ„ÄÇ https://t.co/t6YYB0R0pZ„ÄÄ@miyadai   @bbc  @tim1134  #„ÇØ„É≠„Çπ„ÄÄ@iwakamiyasumi„ÄÄ#ÊñáÂåñÊîæÈÄÅ",3
0.4215,0.0,0.823,0.177,@BBC,Sun Jan 07 18:40:32 +0000 2018,"RT @BBC: What's the true scale of the global trade in humans? 
#McMafia https://t.co/3X7YDsabMv",4
0.4215,0.0,0.517,0.483,@BBC,Sun Jan 07 18:40:14 +0000 2018,@BBC Donald Trump lol,5
0.0,0.0,1.0,0.0,@BBC,Sun Jan 07 18:40:04 +0000 2018,@BBC @guardian @NPR @PBS @maddow @funder @USATODAY @WSJ @maddow @azcentral Just as Carlos Salinas de Gortari went a‚Ä¶ https://t.co/A6BnodklMd,6
0.0,0.0,1.0,0.0,@BBC,Sun Jan 07 18:39:49 +0000 2018,"@BBC @BBCCarrie has quit as China Editor because she‚Äôs had enough of the #BBC #paygap 

We see you, you stale pale‚Ä¶ https://t.co/YA5QX2cZIX",7
0.5562,0.298,0.088,0.614,@BBC,Sun Jan 07 18:39:41 +0000 2018,@BBC Wow. Truly disgusting !,8
0.0,0.0,1.0,0.0,@BBC,Sun Jan 07 18:39:06 +0000 2018,"@BlaineCoughlan @BBC @bbcdoctorwho @DWTheFanShow @BBCOne @BBCTwo @bbcthree @BBCFOUR 1. The Aztecs
2. The Invasion
3‚Ä¶ https://t.co/hrNM8OhX1A",9
0.6249,0.0,0.494,0.506,@BBC,Sun Jan 07 18:39:03 +0000 2018,@MockTheWeek @BBC That's great news,10
0.0,0.0,1.0,0.0,@BBC,Sun Jan 07 18:38:51 +0000 2018,"RT @BBC: Tonight, David Attenborough attempts to animate the life of a 200-million-year-old ichthyosaur. üåä 

Attenborough and the Sea Drago‚Ä¶",11
-0.6901,0.289,0.711,0.0,@BBC,Sun Jan 07 18:38:44 +0000 2018,RT @miss_l_locket: @aev1609 @Teel18 @campbellclaret @Blackro12653624 @BBCNews @BBC V v sad. They have completely lost their journalistic ed‚Ä¶,12
0.8225,0.137,0.43,0.434,@BBC,Sun Jan 07 18:38:43 +0000 2018,@BBC @BBCiPlayer Congrats @mrneilforsyth on a wonderful writing job brilliantly executed......and nae bad for a Dun‚Ä¶ https://t.co/QPt5CgcD0m,13
-0.596,0.244,0.756,0.0,@BBC,Sun Jan 07 18:38:35 +0000 2018,@GaryLineker If the @BBC is so pc why can‚Äôt they replace this idiot,14
0.0,0.0,1.0,0.0,@BBC,Sun Jan 07 18:38:34 +0000 2018,"RT @CyberHibby: @Leahcimnosined @ariyana69 @BBC @A50Challenge https://t.co/5LYF7LQPkv

Chomsky sighs imperceptibly and as if explaining to‚Ä¶",15
0.6369,0.0,0.724,0.276,@BBC,Sun Jan 07 18:38:33 +0000 2018,RT @BBC: Budget Italian feasts the whole family will love. üçù https://t.co/MtSlOvp6m6 https://t.co/8fCY2ToBM6,16
0.0,0.0,1.0,0.0,@BBC,Sun Jan 07 18:38:24 +0000 2018,"RT @BBC: Tonight, David Attenborough attempts to animate the life of a 200-million-year-old ichthyosaur. üåä 

Attenborough and the Sea Drago‚Ä¶",17
-0.5994,0.253,0.679,0.068,@BBC,Sun Jan 07 18:38:13 +0000 2018,"RT @raju: One Of The @BBC's Top Female Journalists Has Quit, Accusing The Corporation Of Having A ""Secretive And Illegal"" Pay Culture https‚Ä¶",18
0.3975,0.051,0.829,0.12,@BBC,Sun Jan 07 18:38:04 +0000 2018,RT @campbellclaret: Surely she will also be allowed to trot out a few Brexit platitudes without much challenge? As is @bbc mode https://t.c‚Ä¶,19
0.4215,0.0,0.823,0.177,@BBC,Sun Jan 07 18:38:01 +0000 2018,"RT @BBC: What's the true scale of the global trade in humans? 
#McMafia https://t.co/3X7YDsabMv",20
0.0,0.0,1.0,0.0,@BBC,Sun Jan 07 18:38:01 +0000 2018,Threaders at the endless stream of singing shows when do aspiring musicians get the show off their chops on prime time TV @BBCTwo @ITV @BBC,21
0.3802,0.0,0.776,0.224,@BBC,Sun Jan 07 18:37:56 +0000 2018,@BBC please make this happen! #DavidAttenborough #pokemon #makeawish #pokedex https://t.co/9fqzoSOydI,22
0.0,0.0,1.0,0.0,@BBC,Sun Jan 07 18:37:51 +0000 2018,"RT @BBC: Tonight, David Attenborough attempts to animate the life of a 200-million-year-old ichthyosaur. üåä 

Attenborough and the Sea Drago‚Ä¶",23
0.4215,0.0,0.823,0.177,@BBC,Sun Jan 07 18:37:49 +0000 2018,"RT @BBC: What's the true scale of the global trade in humans? 
#McMafia https://t.co/3X7YDsabMv",24
0.0,0.0,1.0,0.0,@BBC,Sun Jan 07 18:37:38 +0000 2018,"@BBC When the Doctor regenerates, what happens if the new Doctor's feet are too big for the old Doctor's shoes?",25
0.0,0.0,1.0,0.0,@BBC,Sun Jan 07 18:37:27 +0000 2018,"RT @BBC: Tonight, David Attenborough attempts to animate the life of a 200-million-year-old ichthyosaur. üåä 

Attenborough and the Sea Drago‚Ä¶",26
0.0,0.0,1.0,0.0,@BBC,Sun Jan 07 18:37:18 +0000 2018,"RT @BBC: Tonight, David Attenborough attempts to animate the life of a 200-million-year-old ichthyosaur. üåä 

Attenborough and the Sea Drago‚Ä¶",27
-0.5994,0.253,0.679,0.068,@BBC,Sun Jan 07 18:37:13 +0000 2018,"RT @raju: One Of The @BBC's Top Female Journalists Has Quit, Accusing The Corporation Of Having A ""Secretive And Illegal"" Pay Culture https‚Ä¶",28
0.69,0.0,0.513,0.487,@BBC,Sun Jan 07 18:37:04 +0000 2018,@tom_bondy @BBC Def good and you will like!,29
0.3182,0.0,0.827,0.173,@BBC,Sun Jan 07 18:37:01 +0000 2018,When is @TheFourOnFOX airing in the UK please @SkyUK @BBC @ITV @virginmedia ?,30
0.0,0.0,1.0,0.0,@BBC,Sun Jan 07 18:36:34 +0000 2018,@pbakes224 @BBC will give it a go,31
0.0,0.0,1.0,0.0,@BBC,Sun Jan 07 18:36:30 +0000 2018,"RT @BBC: Tonight, David Attenborough attempts to animate the life of a 200-million-year-old ichthyosaur. üåä 

Attenborough and the Sea Drago‚Ä¶",32
0.4404,0.0,0.791,0.209,@BBC,Sun Jan 07 18:36:12 +0000 2018,Time to relax and watching @BBC #countryfile I‚ù§ that program #nature #wildlife,33
0.4215,0.0,0.823,0.177,@BBC,Sun Jan 07 18:36:11 +0000 2018,"RT @BBC: What's the true scale of the global trade in humans? 
#McMafia https://t.co/3X7YDsabMv",34
0.0,0.0,1.0,0.0,@BBC,Sun Jan 07 18:36:02 +0000 2018,"RT @CyberHibby: @Leahcimnosined @ariyana69 @BBC @A50Challenge https://t.co/5LYF7LQPkv

Chomsky sighs imperceptibly and as if explaining to‚Ä¶",35
0.0,0.0,1.0,0.0,@BBC,Sun Jan 07 18:35:59 +0000 2018,"RT @fahad_a_i: Ÿäÿ≥ÿÆÿ± ÿ¥ÿπÿ® #ÿ•Ÿäÿ±ÿßŸÜ ÿßŸÑŸÖÿ∏ŸÑŸàŸÖ ŸÖŸÜ ŸÇŸÜÿßÿ© ÿßŸÑ @BBC ŸÑŸàŸÇŸàŸÅŸáÿß ŸÖÿπ ÿ≠ŸÉÿßŸÖ #ÿ™Ÿáÿ±ÿßŸÜ #ÿ∑Ÿáÿ±ÿßŸÜ ŸàŸäÿ∑ŸÑŸÇŸàŸÜ ÿπŸÑŸäŸáÿß ÿ£ÿ≥ŸÖ "" ÿ¢Ÿäÿ© ÿßŸÑŸÑŸáBBC
#ŸÖÿ∏ÿßŸáÿ±ÿßÿ™_ÿ≥ÿ±ÿßÿ≥ÿ±Ÿä
#ŸÖÿ∏ÿßŸáÿ±‚Ä¶",36
0.4019,0.0,0.769,0.231,@BBC,Sun Jan 07 18:35:57 +0000 2018,RT @TeslaMemory: Nikola Tesla's Electric Dreams @BBC 4 Radio - #Tesla https://t.co/D8POhP3yJ7,37
0.0,0.0,1.0,0.0,@BBC,Sun Jan 07 18:35:41 +0000 2018,"RT @BBC: Tonight, David Attenborough attempts to animate the life of a 200-million-year-old ichthyosaur. üåä 

Attenborough and the Sea Drago‚Ä¶",38
0.0,0.0,1.0,0.0,@BBC,Sun Jan 07 18:35:40 +0000 2018,"RT @BBC: Tonight, David Attenborough attempts to animate the life of a 200-million-year-old ichthyosaur. üåä 

Attenborough and the Sea Drago‚Ä¶",39
0.4019,0.0,0.722,0.278,@BBC,Sun Jan 07 18:35:40 +0000 2018,Nikola Tesla's Electric Dreams @BBC 4 Radio - #Tesla https://t.co/D8POhP3yJ7,40
0.5994,0.0,0.822,0.178,@BBC,Sun Jan 07 18:35:38 +0000 2018,"RT @BBC: Tonight, @ChrisGPackham investigates planet Earth's super predator. The Real T Rex with Chris Packham. 9pm on @BBCTwo. https://t.c‚Ä¶",41
-0.2023,0.101,0.899,0.0,@BBC,Sun Jan 07 18:35:19 +0000 2018,Just received an incredibly patronising email explaining the concept of journalism from @BBC after complaining abou‚Ä¶ https://t.co/rFQasc1O6i,42
0.0,0.0,1.0,0.0,@BBC,Sun Jan 07 18:35:12 +0000 2018,"@BBC @BBCOne I knew trump was old, but didnt think he passed the 200 mark.",43
0.5994,0.0,0.647,0.353,@BBC,Sun Jan 07 18:34:53 +0000 2018,RT @BBC: Farewell 2017. Thank you for giving us this. üòÇ https://t.co/tIUAzNnIUU,44
0.5994,0.0,0.647,0.353,@BBC,Sun Jan 07 18:34:40 +0000 2018,RT @BBC: Farewell 2017. Thank you for giving us this. üòÇ https://t.co/tIUAzNnIUU,45
0.4215,0.0,0.823,0.177,@BBC,Sun Jan 07 18:34:39 +0000 2018,"RT @BBC: What's the true scale of the global trade in humans? 
#McMafia https://t.co/3X7YDsabMv",46
0.0,0.0,1.0,0.0,@BBC,Sun Jan 07 18:34:27 +0000 2018,@AndyHortin @CNNPolitics ü§£ü§£@MSNBC @NBCNews @ABC @nytimesworld @nytimes @BBC @BBCWorld,47
0.8126,0.125,0.481,0.394,@BBC,Sun Jan 07 18:33:44 +0000 2018,"RT @chrismjmarsh: Good job for promoting animal cruelty @BBC and masquerading it as something else, good job. Outstanding journalism. Nothi‚Ä¶",48
0.0,0.0,1.0,0.0,@BBC,Sun Jan 07 18:33:33 +0000 2018,"RT @BBC: Tonight, David Attenborough attempts to animate the life of a 200-million-year-old ichthyosaur. üåä 

Attenborough and the Sea Drago‚Ä¶",49
0.128,0.279,0.419,0.302,@BBC,Sun Jan 07 18:33:20 +0000 2018,"RT @BBC: The best, worst and weirdest #FACup fan fashion. ‚öΩÔ∏èüíÖ https://t.co/hDEBwew84U https://t.co/1DMfVbC8oJ",50
0.6369,0.0,0.724,0.276,@BBC,Sun Jan 07 18:33:15 +0000 2018,RT @BBC: Budget Italian feasts the whole family will love. üçù https://t.co/MtSlOvp6m6 https://t.co/8fCY2ToBM6,51
0.0,0.0,1.0,0.0,@BBC,Sun Jan 07 18:33:11 +0000 2018,"RT @BBC: Tonight, David Attenborough attempts to animate the life of a 200-million-year-old ichthyosaur. üåä 

Attenborough and the Sea Drago‚Ä¶",52
0.0,0.0,1.0,0.0,@BBC,Sun Jan 07 18:33:01 +0000 2018,"@Leahcimnosined @ariyana69 @BBC @A50Challenge https://t.co/5LYF7LQPkv

Chomsky sighs imperceptibly and as if explai‚Ä¶ https://t.co/pPJoEy3IfS",53
0.4215,0.0,0.823,0.177,@BBC,Sun Jan 07 18:32:57 +0000 2018,"RT @BBC: What's the true scale of the global trade in humans? 
#McMafia https://t.co/3X7YDsabMv",54
0.0,0.0,1.0,0.0,@BBC,Sun Jan 07 18:32:46 +0000 2018,"RT @BBC: Tonight, David Attenborough attempts to animate the life of a 200-million-year-old ichthyosaur. üåä 

Attenborough and the Sea Drago‚Ä¶",55
-0.5423,0.229,0.693,0.078,@BBC,Sun Jan 07 18:32:44 +0000 2018,"One Of The @BBC's Top Female Journalists Has Quit, Accusing The Corporation Of Having A ""Secretive And Illegal"" Pay‚Ä¶ https://t.co/eXj9gvcvaO",56
0.0,0.0,1.0,0.0,@BBC,Sun Jan 07 18:32:44 +0000 2018,"RT @BBC: Tonight, David Attenborough attempts to animate the life of a 200-million-year-old ichthyosaur. üåä 

Attenborough and the Sea Drago‚Ä¶",57
0.5994,0.0,0.647,0.353,@BBC,Sun Jan 07 18:32:38 +0000 2018,RT @BBC: Farewell 2017. Thank you for giving us this. üòÇ https://t.co/tIUAzNnIUU,58
0.8654,0.103,0.476,0.421,@BBC,Sun Jan 07 18:32:31 +0000 2018,"@BBC @AndrewGrahamDix @GLocaOfficial Love #RomeUnpacked so much but PLEASE, PLEASE stop using @coldplay as your sou‚Ä¶ https://t.co/EqcogGmdSS",59
0.0,0.0,1.0,0.0,@BBC,Sun Jan 07 18:32:25 +0000 2018,RT @CarlosEsparza26: A little trip down memory lane üåéüîö @BBC #WorldsEnd #season1 https://t.co/LUPs1gnzbV,60
0.4215,0.0,0.823,0.177,@BBC,Sun Jan 07 18:32:23 +0000 2018,"RT @BBC: What's the true scale of the global trade in humans? 
#McMafia https://t.co/3X7YDsabMv",61
0.0,0.0,1.0,0.0,@BBC,Sun Jan 07 18:32:18 +0000 2018,"RT @BBC: Tonight, David Attenborough attempts to animate the life of a 200-million-year-old ichthyosaur. üåä 

Attenborough and the Sea Drago‚Ä¶",62
0.8271,0.087,0.557,0.355,@BBC,Sun Jan 07 18:31:45 +0000 2018,@BBC6Music @maryannehobbs @bbcmusic @BBC Would be great if Radio 6 play a few Ray Thomas sings in his honour a Moody Blues legend,63
0.3877,0.0,0.805,0.195,@BBC,Sun Jan 07 18:31:12 +0000 2018,@BBCCarrie @BBCWorld @BBCPolitics @bbcworldservice The level of detail required; can not be disputed. Really want t‚Ä¶ https://t.co/iw4VSHZCLb,64
0.0,0.0,1.0,0.0,@BBC,Sun Jan 07 18:30:58 +0000 2018,@BBCScotland @BBC What do you think @domisatwit ...? ü§î,65
0.0258,0.131,0.695,0.174,@BBC,Sun Jan 07 18:30:46 +0000 2018,@tonyposnanski Yeah that was stupid. It would be cool if the media just circumvented trump and admin and just repor‚Ä¶ https://t.co/fFE4WyGq4H,66
-0.1027,0.104,0.808,0.088,@BBC,Sun Jan 07 18:30:27 +0000 2018,@BBC There are only a few people in those huge factories that most works are done by machines. Then many people lose their jobs.,67
0.4215,0.0,0.823,0.177,@BBC,Sun Jan 07 18:30:07 +0000 2018,"RT @BBC: What's the true scale of the global trade in humans? 
#McMafia https://t.co/3X7YDsabMv",68
0.5267,0.0,0.595,0.405,@BBC,Sun Jan 07 18:29:40 +0000 2018,@BBCSimonMcCoy @BBC @TVVictoriaG @michaelbarratt fabulous pic,69
0.4588,0.0,0.824,0.176,@BBC,Sun Jan 07 18:29:33 +0000 2018,"@Grimderp @BBC @BBCSport Haha.
I think I vaguely remember him.
I can't wait until the Winter Olympics start.",70
0.4215,0.0,0.823,0.177,@BBC,Sun Jan 07 18:28:15 +0000 2018,"RT @BBC: What's the true scale of the global trade in humans? 
#McMafia https://t.co/3X7YDsabMv",71
0.5994,0.0,0.647,0.353,@BBC,Sun Jan 07 18:27:35 +0000 2018,RT @BBC: Farewell 2017. Thank you for giving us this. üòÇ https://t.co/tIUAzNnIUU,72
0.1154,0.0,0.892,0.108,@BBC,Sun Jan 07 18:27:31 +0000 2018,"@BBC It was worth a watch once, but after twenty thirty times, move on",73
0.0,0.0,1.0,0.0,@BBC,Sun Jan 07 18:27:07 +0000 2018,"@BlaineCoughlan @BBC @bbcdoctorwho @DWTheFanShow @BBCOne @BBCTwo @bbcthree @BBCFOUR Mine is A Unearthly Child, The‚Ä¶ https://t.co/tRVodJhpAf",74
0.0,0.0,1.0,0.0,@BBC,Sun Jan 07 18:26:38 +0000 2018,@BBC @CNN @CBS @guardiannews @nytimesworld @nytimes @DerSPIEGEL @France3tv @LaStampa @Le_Figaro @SkyNews if U want‚Ä¶ https://t.co/cdpSf4nAj4,75
0.0,0.0,1.0,0.0,@BBC,Sun Jan 07 18:26:19 +0000 2018,RT @bct_tv: @AJEnglish @CNN @UN @VP @POTUS @FRANCE24 @africanews @BBC @Amaka_Ekwo @EmekaGift @mefonna @radiobiafralive @NkirukaNistoran @En‚Ä¶,76
-0.5106,0.155,0.845,0.0,@BBC,Sun Jan 07 18:26:13 +0000 2018,@BBC when I watch bbc1 on a sunday night I deel depressed and suicidle.  when I don't watch bbc 1 on a sunday night‚Ä¶ https://t.co/ugPOe604aS,77
0.0,0.0,1.0,0.0,@BBC,Sun Jan 07 18:26:12 +0000 2018,@JaniceIche @BBC üôåüèæüôåüèæüôåüèæ go you.,78
0.1027,0.139,0.696,0.165,@BBC,Sun Jan 07 18:25:22 +0000 2018,RT @davidjwbailey: Dear @BBC - Brexit is NOT inevitable. Stop saying it is. https://t.co/uYxM5bJAh3,79
0.7684,0.068,0.571,0.361,@BBC,Sun Jan 07 18:24:20 +0000 2018,"RT @seabisquick: @MockTheWeek @NLinnane @BBC Miss seeing him, but delighted he‚Äôs living his dream.",80
0.5859,0.0,0.787,0.213,@BBC,Sun Jan 07 18:23:58 +0000 2018,"RT @ms_d2016: @jeffrey_ventre @BBC @Vagabionda1 @thebattwoman @TheOrcaProject üíúüíú Blackfish is an amazing, very telling movie.",81
-0.7178,0.353,0.647,0.0,@BBC,Sun Jan 07 18:23:51 +0000 2018,"A DCI would not be living in that dump.
More poor @bbc research 
#HardSun",82
0.4404,0.0,0.888,0.112,@BBC,Sun Jan 07 18:23:08 +0000 2018,RT @RafaelMac7: Thanks to the @BBCScotland @BBCSport @BBC for all these English FA Cup games on BBC 1 Scotland. Can you tell me which Scott‚Ä¶,83
0.0,0.0,1.0,0.0,@BBC,Sun Jan 07 18:22:37 +0000 2018,"@AP
@guardian
@Independent
@thetimes
@Reuters
@washingtonpost
@afpfr
@BILD
@welt
@FAZ_Eil
@UKLabour
@Conservatives‚Ä¶ https://t.co/3KTScfTDMu",84
0.0,0.0,1.0,0.0,@BBC,Sun Jan 07 18:22:17 +0000 2018,RT @rogersurfacings: @Yes2Pot @ABC @nbc @CBS @CNN @BBC @fox @cspan @KSRO  https://t.co/5tFn1d7E3p,85
-0.3612,0.2,0.8,0.0,@BBC,Sun Jan 07 18:21:57 +0000 2018,Crikey. Perhaps this might shake @BBC out of its apparent complacency on equal pay &amp; gender pay gap. Shouldn‚Äôt have‚Ä¶ https://t.co/BME7pDNXoL,86
0.7684,0.075,0.522,0.403,@BBC,Sun Jan 07 18:20:59 +0000 2018,"@MockTheWeek @NLinnane @BBC Miss seeing him, but delighted he‚Äôs living his dream.",87
0.4404,0.0,0.791,0.209,@BBC,Sun Jan 07 18:20:34 +0000 2018,More than 230000 signaturas supporting @BBC @TheEconomist @CNN @FinancialTimes @USATODAY @Frankfurter‚Ä¶ https://t.co/YF4uRe0ihN,88
0.0,0.0,1.0,0.0,@BBC,Sun Jan 07 18:19:14 +0000 2018,RT @frankobserver: #marr whilst interviewing Joe Wright....'I'm going to cast any @bbc neutrality to one side' &amp; he then goes on to attack‚Ä¶,89
0.4376,0.0,0.581,0.419,@BBC,Sun Jan 07 18:18:50 +0000 2018,@geribean87 @BBC @DoctorWhoLegacy Very cool!,90
0.0,0.0,1.0,0.0,@BBC,Sun Jan 07 18:18:44 +0000 2018,@LeeMorgan239 @ftobloke @carorosso17 @Liberate_UK @KitCatK @truencon @MarrShow @theresa_may @eddiemair @bbclaurak‚Ä¶ https://t.co/nxOn50vReS,91
-0.4767,0.508,0.492,0.0,@BBC,Sun Jan 07 18:18:43 +0000 2018,@BBC For fucks sake?,92
0.0,0.0,1.0,0.0,@BBC,Sun Jan 07 18:17:50 +0000 2018,@IAmMrDexB @BlaineCoughlan @BBC @bbcdoctorwho @DWTheFanShow @BBCOne @BBCTwo @bbcthree @BBCFOUR Ahhh!!  I'm *always*‚Ä¶ https://t.co/CZpyH9nwWy,93
0.0,0.0,1.0,0.0,@BBC,Sun Jan 07 18:17:48 +0000 2018,@BBC Obama had a part in human trafficing as did Hillary.,94
0.4215,0.0,0.823,0.177,@BBC,Sun Jan 07 18:17:45 +0000 2018,"RT @BBC: What's the true scale of the global trade in humans? 
#McMafia https://t.co/3X7YDsabMv",95
0.0,0.0,1.0,0.0,@BBC,Sun Jan 07 18:17:31 +0000 2018,@WSJ @WSJPlus @WSJbusiness @WSJbreakingnews @cnni @BBCNews @BBC @BBCWorld @BBCBreaking @bbcworldservice @FOXTV‚Ä¶ https://t.co/o1UBYnewOS,96
0.0,0.0,1.0,0.0,@BBC,Sun Jan 07 18:17:31 +0000 2018,@BBC Billionsüòî,97
0.4995,0.0,0.872,0.128,@BBC,Sun Jan 07 18:17:02 +0000 2018,"@BBC Most recently in Houston TX where an Indian couple brought a maid over 2 yrs ago, pd her zero, had her work 20‚Ä¶ https://t.co/l9Ol6OSto5",98
0.0,0.0,1.0,0.0,@BBC,Sun Jan 07 18:16:27 +0000 2018,"@BlaineCoughlan @BBC @bbcdoctorwho @DWTheFanShow @BBCOne @BBCTwo @bbcthree @BBCFOUR 1. The Daleks
2. Tomb of the Cy‚Ä¶ https://t.co/7bucbvVFo3",99
0.5994,0.0,0.647,0.353,@BBC,Sun Jan 07 18:16:21 +0000 2018,RT @BBC: Farewell 2017. Thank you for giving us this. üòÇ https://t.co/tIUAzNnIUU,100
0.0,0.0,1.0,0.0,@CNN,Sun Jan 07 18:41:14 +0000 2018,"@BhittaniKhannnn @ZaraHatKay_Dawn @cnni @CNN @HalaGorani @AlJazeera 
@BBCWorld 

guys does anyone know about this ?
whats going on ?",1
-0.296,0.102,0.803,0.095,@CNN,Sun Jan 07 18:41:14 +0000 2018,@theneedle7 @CNN Quit watching CNN if you want to see an interview or keep watching if you want to see a preening jackass read an editorial.,2
0.0,0.0,1.0,0.0,@CNN,Sun Jan 07 18:41:13 +0000 2018,@Saphina77 @surfermom77 @AmericanVoterUS @realDonaldTrump @CNN @POTUS How much were they paid by GPS Fusion?,3
0.4939,0.092,0.704,0.204,@CNN,Sun Jan 07 18:41:13 +0000 2018,Iran was on the right side of History by supporting the iraqi army against ISIS (Muslim Nazis) the fight was good v‚Ä¶ https://t.co/4vFL2sX37L,4
0.0,0.0,1.0,0.0,@CNN,Sun Jan 07 18:41:13 +0000 2018,@AprilDRyan @CNN Rather watchüèàüèàüèàüèàHOW MUCH MORE CAN B SAID...#SOS,5
-0.5574,0.221,0.705,0.074,@CNN,Sun Jan 07 18:41:12 +0000 2018,RT @christy_mcafee: You people have no idea what you are doing. This is your home and you actively work to destroy it. @CNN just leave http‚Ä¶,6
0.0,0.0,1.0,0.0,@CNN,Sun Jan 07 18:41:11 +0000 2018,@essenviews I can't watch mouth breather @JackKingston and @cnn repeatedly putting him on air is the main reason I‚Ä¶ https://t.co/fzSk8CyCig,7
0.0,0.0,1.0,0.0,@CNN,Sun Jan 07 18:41:11 +0000 2018,@CarmineZozzora @NoQuartersFor @CNN @realDonaldTrump @brianstelter @jaketapper @donlemon @wolfblitzer @AC360  https://t.co/BwuvSdssp8,8
0.0,0.0,1.0,0.0,@CNN,Sun Jan 07 18:41:10 +0000 2018,"RT @PattiSolisDoyle: .@realDonaldTrump, so you DO watch @CNN! https://t.co/ZMSiZJgeX7",9
0.0,0.0,1.0,0.0,@CNN,Sun Jan 07 18:41:10 +0000 2018,RT @lawrence_male: @PaulaSemenye @CNN @cnnbrk #OurCripplesStillWalking indeed they are still walking.,10
0.4019,0.0,0.863,0.137,@CNN,Sun Jan 07 18:41:05 +0000 2018,@vmetu @WalshFreedom @jaketapper @CNN You didn't trigger me. I'm simply interested in knowing what you were hearing‚Ä¶ https://t.co/RoKcoTlkMA,11
0.5255,0.0,0.888,0.112,@CNN,Sun Jan 07 18:41:05 +0000 2018,@CNN Released 4 days early and still sold out on the first day....I‚Äôm posting on FB for my friends to pass it on to me when they finish it!,12
-0.3818,0.271,0.729,0.0,@CNN,Sun Jan 07 18:41:05 +0000 2018,@TheBobBailey @amydoodle01 @CNN I disagree with all of it,13
-0.2484,0.233,0.6,0.167,@CNN,Sun Jan 07 18:41:03 +0000 2018,@jack_msw @QueenKristine87 @JonathanStrouse @Clarion50 @CNN you seem like a very hateful person.,14
-0.3612,0.163,0.735,0.102,@CNN,Sun Jan 07 18:41:03 +0000 2018,"RT @GreenPartyUS: Pro tip @CNN: don‚Äôt book a racist bigot like Stephen Miller and maybe this won‚Äôt happen anymore. #WeAreGreen
https://t.co‚Ä¶",15
-0.5574,0.221,0.705,0.074,@CNN,Sun Jan 07 18:41:02 +0000 2018,RT @christy_mcafee: You people have no idea what you are doing. This is your home and you actively work to destroy it. @CNN just leave http‚Ä¶,16
-0.8774,0.314,0.686,0.0,@CNN,Sun Jan 07 18:41:02 +0000 2018,"RT @Jali_Cat: Oh look! My 8 yr old nephew got a job at @CNN! 

Oh wait, my bad, thats just @jaketapper being his naturally rude obnoxious s‚Ä¶",17
0.0,0.0,1.0,0.0,@CNN,Sun Jan 07 18:41:02 +0000 2018,RT @odawa49: @ACLU @CNN @MSNBC @JohnKasich  where is our humanity? This is so cold hearted. #Humanity #DemForce #BlueWave https://t.co/9uNN‚Ä¶,18
0.0,0.0,1.0,0.0,@CNN,Sun Jan 07 18:41:01 +0000 2018,@jaketapper There‚Äôs a reason @CNN is #FakeNews,19
-0.7203,0.273,0.727,0.0,@CNN,Sun Jan 07 18:41:01 +0000 2018,RT @NewRightNetwork: #StephenMiller ANNIHILATES @CNN #FakeNews clown #JakeTapper. Makes you almost feel bad for him how pathetically desper‚Ä¶,20
-0.2212,0.126,0.874,0.0,@CNN,Sun Jan 07 18:41:01 +0000 2018,"@CNN DNC, Commie USA, Socialists-R-US, and other fellow travelers probably needing more door stops.",21
-0.3182,0.126,0.794,0.079,@CNN,Sun Jan 07 18:41:01 +0000 2018,RT @CNN: Black dresses will rule the red carpet at the Golden Globes in a show of solidarity for the mission of anti-sexual harassment grou‚Ä¶,22
0.0,0.0,1.0,0.0,@CNN,Sun Jan 07 18:41:00 +0000 2018,@SamSeder @maddow @chrislhayes @chucktodd @MSNBC @dpakman @NPR @HardballChris @Lawrence @radiodispatch‚Ä¶ https://t.co/mVfGLRJIxi,23
-0.296,0.095,0.905,0.0,@CNN,Sun Jan 07 18:40:59 +0000 2018,@freedmspeaks @CNN No. We are only people speak Korean. We were one country more than 1500 yrs. We feel same people‚Ä¶ https://t.co/ZJ8i0JfpVT,24
0.2023,0.094,0.781,0.125,@CNN,Sun Jan 07 18:40:59 +0000 2018,"RT @CNN: ""There's only one viewer you care about,"" CNN's Jake Tapper tells Trump aide Stephen Miller during fiery interview #CNNSOTU https:‚Ä¶",25
-0.8715,0.382,0.618,0.0,@CNN,Sun Jan 07 18:40:59 +0000 2018,@eshh85 @Cody09694837 @ganu76 @CNN u all have no sense of humor--none!! N where I live has nthg 2 do wth y I hate t‚Ä¶ https://t.co/ycobBRtxh7,26
0.0,0.0,1.0,0.0,@CNN,Sun Jan 07 18:40:59 +0000 2018,Two Americas.  @jaketapper @cnn https://t.co/iQ41za1j3Y,27
0.4404,0.0,0.828,0.172,@CNN,Sun Jan 07 18:40:59 +0000 2018,RT @DavidGarval: More than 230000 signaturas supporting @BBC @TheEconomist @CNN @FinancialTimes @USATODAY @Frankfurter @dailytelegraph @gua‚Ä¶,28
0.2023,0.094,0.781,0.125,@CNN,Sun Jan 07 18:40:58 +0000 2018,"RT @CNN: ""There's only one viewer you care about,"" CNN's Jake Tapper tells Trump aide Stephen Miller during fiery interview #CNNSOTU https:‚Ä¶",29
0.4588,0.0,0.667,0.333,@CNN,Sun Jan 07 18:40:58 +0000 2018,@CNN Who cares about parasite Steve Bannon?,30
0.2023,0.094,0.781,0.125,@CNN,Sun Jan 07 18:40:58 +0000 2018,"RT @CNN: ""There's only one viewer you care about,"" CNN's Jake Tapper tells Trump aide Stephen Miller during fiery interview #CNNSOTU https:‚Ä¶",31
0.0,0.0,1.0,0.0,@CNN,Sun Jan 07 18:40:57 +0000 2018,@odawa49 @ACLU @CNN @MSNBC @JohnKasich The President's Policies Are USA's. We Are the USA. He does this in Our name‚Ä¶ https://t.co/6tFWrVEg7S,32
-0.1027,0.165,0.739,0.096,@CNN,Sun Jan 07 18:40:57 +0000 2018,"@DavidJollyFL @jaketapper @CNN @JakeTapper is a good journalist no doubt, but why does @CNN continuously give air t‚Ä¶ https://t.co/bDAwVSFjZI",33
-0.1962,0.229,0.5,0.27,@CNN,Sun Jan 07 18:40:54 +0000 2018,"@mike_Zollo @CNN Savage and great defender in the same sentence?  Yea, bout sums up this sick excuse of an administ‚Ä¶ https://t.co/NEIseEbLjZ",34
0.9022,0.0,0.611,0.389,@CNN,Sun Jan 07 18:40:54 +0000 2018,"@CNN When the kindness and love of God our Savior appeared, 5 he saved us, not because of righteous things we had d‚Ä¶ https://t.co/5pe5nJk47E",35
0.4939,0.0,0.824,0.176,@CNN,Sun Jan 07 18:40:53 +0000 2018,@mike_Zollo @CNN I got pretty high this morning too right before my victoria secret model reverse gangbang,36
0.5267,0.0,0.848,0.152,@CNN,Sun Jan 07 18:40:53 +0000 2018,@jmacdonald002 @CNN The so called law and order justice system that discriminates against the people of color is ri‚Ä¶ https://t.co/u8d2MFb6Pa,37
0.0,0.0,1.0,0.0,@CNN,Sun Jan 07 18:40:52 +0000 2018,@NJFarmer312 @Gary_ohh @HoarseWisperer @ScottyLiterati @jaketapper @jeffzeleny @CNN Indeed. Jake Tapper asked about‚Ä¶ https://t.co/JCJUVr0MiW,38
0.636,0.191,0.447,0.362,@CNN,Sun Jan 07 18:40:52 +0000 2018,"@CNN @jaketapper 
Please for the love of God, Stop!  Ignorance does Not need an audience. https://t.co/GLiz14kbQQ",39
-0.8267,0.251,0.749,0.0,@CNN,Sun Jan 07 18:40:51 +0000 2018,"RT @TheALX: WATCH: @jaketapper gets destroyed in an interview on his own show by White House advisor Stephen Miller. It was so bad, @CNN ha‚Ä¶",40
0.1027,0.0,0.924,0.076,@CNN,Sun Jan 07 18:40:51 +0000 2018,"@CNN @VanJones68 You're the one that called the Russian investigation a ""NOTHING BURGER"". You admitted that you wer‚Ä¶ https://t.co/C5mz3n86yi",41
0.0,0.0,1.0,0.0,@CNN,Sun Jan 07 18:40:50 +0000 2018,RT @CNN: Here's a look at the week in politics https://t.co/2IBAcXbiud https://t.co/i1JPHnAXLU,42
-0.8807,0.459,0.541,0.0,@CNN,Sun Jan 07 18:40:49 +0000 2018,@sp1r1tharambe @jack_msw @JonathanStrouse @Clarion50 @CNN She just means white unemployment. Trump is killing black unemployment.,43
0.2732,0.0,0.877,0.123,@CNN,Sun Jan 07 18:40:49 +0000 2018,@vmetu @blackjoshwhite @WalshFreedom @jaketapper @CNN Well you're quite the hypocrite from what your profile says.‚Ä¶ https://t.co/orgGuFaXCG,44
0.5777,0.0,0.81,0.19,@CNN,Sun Jan 07 18:40:49 +0000 2018,@jack_msw @QueenKristine87 @JonathanStrouse @Clarion50 @CNN you would think if Democrats are so good at managing th‚Ä¶ https://t.co/StVvI2Nt4u,45
-0.1531,0.096,0.904,0.0,@CNN,Sun Jan 07 18:40:49 +0000 2018,@KodyJM12 @JackPosobiec @CNN @CBS @nbc @ABC @AP @nytimes @DonaldJTrumpJr NOTHING stops Mellenials from forming Char‚Ä¶ https://t.co/p6ozpaQ7qk,46
0.8176,0.0,0.691,0.309,@CNN,Sun Jan 07 18:40:48 +0000 2018,"RT @VennMultiverse: I wish @CNN would encourage all of their reporters have back bones, like @jaketapper
We will not be getting behind the‚Ä¶",47
0.4019,0.0,0.886,0.114,@CNN,Sun Jan 07 18:40:48 +0000 2018,"@CNN He proves they are only interested in the #CNNFakeNews agenda. If you don't go along, they kick you off the air.",48
0.1779,0.129,0.681,0.19,@CNN,Sun Jan 07 18:40:47 +0000 2018,@CNN The DOJ may as well investigate the now defunct &amp; illegal Trump foundation that was pretty much a slush fund u‚Ä¶ https://t.co/VPrS7umbGI,49
0.0,0.0,1.0,0.0,@CNN,Sun Jan 07 18:40:47 +0000 2018,"RT @Ali__alajami: #ÿßÿ∂ÿ±ÿßÿ®_ÿßŸÑŸÖÿπÿ™ŸÇŸÑŸäŸÜ

@AJArabic
@BBCArabic
@France24_ar
@dw_arabic 
@RTarabic 
@cnnarabic 
@CNN https://t.co/NphPMAO4nZ",50
-0.3182,0.102,0.851,0.047,@CNN,Sun Jan 07 18:40:46 +0000 2018,RT @seanspicer: Seems facts didn‚Äôt matter to @CNN ‚Äòs @brianstelter when he rushed to denounce @gop @RNCResearch piece on the sloppy/ inaccu‚Ä¶,51
0.4215,0.0,0.781,0.219,@CNN,Sun Jan 07 18:40:46 +0000 2018,RT @gayletrotter: Reminds me of @donlemon @CNN with @dbongino lol https://t.co/puNzJMgqaU,52
0.0,0.0,1.0,0.0,@CNN,Sun Jan 07 18:40:44 +0000 2018,@AsapBasile98 @realDonaldTrump Right?!? For someone who says NOONE watches he must have on a continuous loop. AND T‚Ä¶ https://t.co/TlER79ce4C,53
-0.3182,0.119,0.881,0.0,@CNN,Sun Jan 07 18:40:44 +0000 2018,RT @President1Trump: I‚Äôm shocked @CNN‚Äôs @andersoncooper reports on the @HillaryClinton Foundation and State Department ‚ÄòPay For Pay‚Äô allega‚Ä¶,54
-0.802,0.353,0.647,0.0,@CNN,Sun Jan 07 18:40:43 +0000 2018,"RT @johncardillo: .@jaketapper should be ashamed of himself after this. 

@CNN attacks @realDonaldTrump 24/7. 

Tapper cuts off @StephenMil‚Ä¶",55
0.6705,0.0,0.667,0.333,@CNN,Sun Jan 07 18:40:43 +0000 2018,"@tonyposnanski @gatadelafuente Because just like during the campaign, @CNN only cares about ratings.",56
0.4939,0.0,0.833,0.167,@CNN,Sun Jan 07 18:40:43 +0000 2018,@lvitag1 @CNN Maybe because our elected government officials are taking health care away from millions of citizens,57
-0.628,0.205,0.795,0.0,@CNN,Sun Jan 07 18:40:43 +0000 2018,@realDonaldTrump What does that @CNN interview and Donald Trump have in common? Stephen Miller blew both. SAD! üò≠,58
0.4019,0.0,0.895,0.105,@CNN,Sun Jan 07 18:40:43 +0000 2018,"RT @CNN: Rep. Adam Schiff: ""I don't think there's anyone in Congress, frankly, of either party who does not concur at least privately with‚Ä¶",59
0.0,0.0,1.0,0.0,@CNN,Sun Jan 07 18:40:43 +0000 2018,RT @CNN: Here's a look at the week in politics https://t.co/2IBAcXbiud https://t.co/i1JPHnAXLU,60
0.0,0.0,1.0,0.0,@CNN,Sun Jan 07 18:40:42 +0000 2018,RT @SteveDavidMikeV: Vüå∑@BigBird #Fun #PerfectLAweather @algore üòÅ @FoxNews @TMZ @CNN @CIA @realDonaldTrump @sun @Nirvana  @VisitSeattle @Bil‚Ä¶,61
0.0,0.0,1.0,0.0,@CNN,Sun Jan 07 18:40:42 +0000 2018,RT @fredericg: Carl Bernstein on @CNN‚Äôs @ReliableSources with @brianstelter just now stated ‚Äúwe‚Äôre in a constitutional crisis‚Äù and ‚Äúwe [med‚Ä¶,62
0.0,0.0,1.0,0.0,@CNN,Sun Jan 07 18:40:41 +0000 2018,@ElderLansing @RichardTBurnett @CNN @jaketapper https://t.co/5q7bO8Tlwx,63
0.3612,0.0,0.762,0.238,@CNN,Sun Jan 07 18:40:39 +0000 2018,@NormEisen @CNN @RepAdamSchiff @POTUS @CNNnewsroom @FWhitfield I will thank u norm,64
0.6696,0.0,0.718,0.282,@CNN,Sun Jan 07 18:40:39 +0000 2018,@chocacity69 @CNN OMG yes thank you for saying this! I have been thinking this the entire time.,65
0.0,0.0,1.0,0.0,@CNN,Sun Jan 07 18:40:39 +0000 2018,RT @fredericg: Carl Bernstein on @CNN‚Äôs @ReliableSources with @brianstelter just now stated ‚Äúwe‚Äôre in a constitutional crisis‚Äù and ‚Äúwe [med‚Ä¶,66
-0.6859,0.191,0.809,0.0,@CNN,Sun Jan 07 18:40:38 +0000 2018,"RT @CNN: ""Donald Trump is a very dangerous man. He does not belong in the presidency. ... I'm not going to support any member of the House‚Ä¶",67
-0.7269,0.243,0.757,0.0,@CNN,Sun Jan 07 18:40:38 +0000 2018,"RT @CNN: Democratic mega-donor and billionaire environmentalist Tom Steyer has purchased a copy of ""Fire and Fury"" for every member of Cong‚Ä¶",68
0.4215,0.0,0.833,0.167,@CNN,Sun Jan 07 18:40:37 +0000 2018,RT @BreakingNUSA: @blackjoshwhite @vmetu @CNN You‚Äôve never done that in your entire life lol? Rightttt.,69
-0.2263,0.106,0.894,0.0,@CNN,Sun Jan 07 18:40:36 +0000 2018,RT @TrumpsBrain: Dementia Donald forgot he didn't watch @CNN anymore. What else does Dementia Donald forget? https://t.co/TDe5xsWF9h,70
0.0,0.0,1.0,0.0,@CNN,Sun Jan 07 18:40:36 +0000 2018,RT @President1Trump: @CNN @andersoncooper @HillaryClinton  https://t.co/BVUa0nfpFP,71
0.0,0.0,1.0,0.0,@CNN,Sun Jan 07 18:40:36 +0000 2018,RT @CNN: Here's a look at the week in politics https://t.co/2IBAcXbiud https://t.co/i1JPHnAXLU,72
0.0,0.0,1.0,0.0,@CNN,Sun Jan 07 18:40:35 +0000 2018,"@CNNPolitics @CNN Political Genius üòµüòµüòµYou must have meant, CON MAN üëøüëøüëøüí©üí©üí©",73
-0.7269,0.337,0.663,0.0,@CNN,Sun Jan 07 18:40:34 +0000 2018,"RT @CNN: ""Fire and Fury"" publisher is rushing to print more books https://t.co/ePWQLwTdBH https://t.co/28sqcnsyzJ",74
-0.34,0.286,0.714,0.0,@CNN,Sun Jan 07 18:40:34 +0000 2018,@CNN You should fire Jake and @maggieNYT,75
0.296,0.127,0.686,0.186,@CNN,Sun Jan 07 18:40:33 +0000 2018,"@realDonaldTrump Wow, you're right, how embarrassing. For Stephen Miller. And anyone associated with him. Certainly‚Ä¶ https://t.co/hdNW3ffUca",76
0.0,0.0,1.0,0.0,@CNN,Sun Jan 07 18:40:33 +0000 2018,"RT @TurdyMcFergy: @CNN Just heard Stephen Miller say Trump gave a voice to ""construction workers."" Just wanted to let him know that he does‚Ä¶",77
0.4404,0.0,0.707,0.293,@CNN,Sun Jan 07 18:40:33 +0000 2018,@President1Trump @CNN @andersoncooper @HillaryClinton The  good ship CNN/CIA.,78
-0.8267,0.251,0.749,0.0,@CNN,Sun Jan 07 18:40:31 +0000 2018,"RT @TheALX: WATCH: @jaketapper gets destroyed in an interview on his own show by White House advisor Stephen Miller. It was so bad, @CNN ha‚Ä¶",79
-0.3167,0.123,0.764,0.113,@CNN,Sun Jan 07 18:40:30 +0000 2018,"RT @Edbay45: @CNN What's the matter Jake, did your guest get to close to the actual truth. This why cnn is The Most Distrusted News Network‚Ä¶",80
0.0,0.0,1.0,0.0,@CNN,Sun Jan 07 18:40:30 +0000 2018,"RT @CNN: It takes 300 people, 12,000 parts and a year to make a single Steinway &amp; Sons piano. Here‚Äôs how the pianos are made: https://t.co/‚Ä¶",81
0.9153,0.0,0.632,0.368,@CNN,Sun Jan 07 18:40:30 +0000 2018,RT @DavidJollyFL: Today's a good day to say thanks to @jaketapper for the great work he does day after day at @cnn. We're all better for it.,82
0.0,0.0,1.0,0.0,@CNN,Sun Jan 07 18:40:30 +0000 2018,How is it possible you have this much time to watch or hear about #tv? @foxandfriends @CNN and if you watched you w‚Ä¶ https://t.co/qGwRQId9vO,83
0.4215,0.0,0.517,0.483,@CNN,Sun Jan 07 18:40:30 +0000 2018,@DavidJollyFL @jaketapper @CNN Lol,84
0.0,0.0,1.0,0.0,@CNN,Sun Jan 07 18:40:29 +0000 2018,#Trump @FoxNews @CNN @CMT @maddow @womensmarch @votolatino @AlabamaFTBL @Titans @wchs8fox11 @wsvn @ABC11_WTVD‚Ä¶ https://t.co/vnKBFxvD9H,85
0.6209,0.0,0.424,0.576,@CNN,Sun Jan 07 18:40:29 +0000 2018,@CNN Good job Jake!!!!!!,86
-0.4767,0.307,0.693,0.0,@CNN,Sun Jan 07 18:40:28 +0000 2018,@CNN Sad what happens in this world today,87
0.0,0.0,1.0,0.0,@CNN,Sun Jan 07 18:40:28 +0000 2018,@american_wally @CNN He looked tired/fatigued?  Is there other footage of him appearing awake?,88
0.0,0.0,1.0,0.0,@CNN,Sun Jan 07 18:40:27 +0000 2018,@NormEisen @CNN @RepAdamSchiff @POTUS @CNNnewsroom @FWhitfield You are my favourite pundit!,89
0.0258,0.0,0.864,0.136,@CNN,Sun Jan 07 18:40:26 +0000 2018,@FreDDzalot @WeSupport45 @HillaryClinton @BillClinton @ChelseaClinton @CNN You‚Äôre silly.,90
0.4215,0.0,0.781,0.219,@CNN,Sun Jan 07 18:40:25 +0000 2018,RT @gayletrotter: Reminds me of @donlemon @CNN with @dbongino lol https://t.co/puNzJMgqaU,91
-0.1779,0.091,0.909,0.0,@CNN,Sun Jan 07 18:40:25 +0000 2018,"@JAKETAPPER @CNN https://t.co/1TrqWtljod Seriously? You can't shut your ""host"" up long enough for a guest to tell t‚Ä¶ https://t.co/XUNDgLhELr",92
0.2732,0.083,0.725,0.192,@CNN,Sun Jan 07 18:40:24 +0000 2018,RT @GeddesAtwell: @CNN @ShelleyDeeeeee I support no GOP candidate. I support all but socio or psycopathic Dems or independents.,93
0.5719,0.0,0.448,0.552,@CNN,Sun Jan 07 18:40:23 +0000 2018,@TheALX @jaketapper @CNN Perfect,94
-0.6597,0.241,0.759,0.0,@CNN,Sun Jan 07 18:40:22 +0000 2018,Poor @jaketapper was afraid @StephenMillerAL might actually get a word in that wasn‚Äôt anti trump &amp; @CNN would proba‚Ä¶ https://t.co/SySsaE5VN4,95
0.4019,0.0,0.895,0.105,@CNN,Sun Jan 07 18:40:21 +0000 2018,"RT @CNN: Rep. Adam Schiff: ""I don't think there's anyone in Congress, frankly, of either party who does not concur at least privately with‚Ä¶",96
0.3612,0.158,0.504,0.338,@CNN,Sun Jan 07 18:40:21 +0000 2018,@funder @jaketapper @CNN please stop giving these dipshits a platform https://t.co/EOInWWhWpj,97
-0.3182,0.119,0.881,0.0,@CNN,Sun Jan 07 18:40:20 +0000 2018,RT @President1Trump: I‚Äôm shocked @CNN‚Äôs @andersoncooper reports on the @HillaryClinton Foundation and State Department ‚ÄòPay For Pay‚Äô allega‚Ä¶,98
0.0,0.0,1.0,0.0,@CNN,Sun Jan 07 18:40:20 +0000 2018,@CNN @BET @NAACP #BlackTwitter @MSNBC https://t.co/r4wLovY8LF,99
-0.4019,0.153,0.847,0.0,@CNN,Sun Jan 07 18:40:20 +0000 2018,@Greta24441384 @jamescappelli @CNN @jaketapper To declare opposite political views as a mental disorder is as undem‚Ä¶ https://t.co/BivTRQSiZH,100
-0.1531,0.096,0.904,0.0,@CBS,Sun Jan 07 18:40:49 +0000 2018,@KodyJM12 @JackPosobiec @CNN @CBS @nbc @ABC @AP @nytimes @DonaldJTrumpJr NOTHING stops Mellenials from forming Char‚Ä¶ https://t.co/p6ozpaQ7qk,1
-0.4767,0.124,0.876,0.0,@CBS,Sun Jan 07 18:40:21 +0000 2018,"Poor @CBS....they wanted that punt before the 1st quarter was over so they could go to commercial, and then go to a‚Ä¶ https://t.co/JFukGwyNVB",2
0.0,0.0,1.0,0.0,@CBS,Sun Jan 07 18:40:10 +0000 2018,When there's a Bills playoff game on @CBS. #BillsMafia https://t.co/XEjlMYTKX9,3
0.7351,0.0,0.721,0.279,@CBS,Sun Jan 07 18:39:47 +0000 2018,@KodyJM12 @JackPosobiec @CNN @CBS @nbc @ABC @AP @nytimes @DonaldJTrumpJr IF the rich study opportunities &amp; take RIS‚Ä¶ https://t.co/pJJjTCVvzm,4
0.7964,0.0,0.738,0.262,@CBS,Sun Jan 07 18:39:39 +0000 2018,Man the picture quality on @CBS is much better than FOX or NBC. I love watching games on here. #BUFvsJAX #billsmafia #Jaguars @CBSSports,5
0.4941,0.0,0.789,0.211,@CBS,Sun Jan 07 18:39:20 +0000 2018,RT @EmilyG87: Day 511(06.01.2018) WE WANT THOMAS BACK!!!!!üëä#WeWantThomasBack #StandbyThomasGibson #NoHotchNoWatch #CriminalMinds @CBS @Crim‚Ä¶,6
0.0,0.0,1.0,0.0,@CBS,Sun Jan 07 18:39:16 +0000 2018,@CNN @ABC @MSNBC @NBCPolitics @CBS THIS üëá https://t.co/4PgLtYMVo9,7
-0.25,0.095,0.905,0.0,@CBS,Sun Jan 07 18:39:15 +0000 2018,"RT @AmericanVoterUS: Propaganda is coming from WITHIN 

@CNN @ABC @NBC @CBS &amp; sometimes @FOXNews with GOP #DeepState 

Obama made #FakeNews‚Ä¶",8
0.8156,0.085,0.527,0.388,@CBS,Sun Jan 07 18:39:03 +0000 2018,#NFLPlayoffs #BillsvsJags 0-0 to start 2nd qt 2 Great Defenses battling it out Who you got???? @NFL @CBS,9
0.5574,0.0,0.816,0.184,@CBS,Sun Jan 07 18:38:36 +0000 2018,@UnitedCitizen01 @JackPosobiec @CNN @CBS @nbc @ABC @AP @nytimes @DonaldJTrumpJr Also ask a few other rich people be‚Ä¶ https://t.co/M3LqNOZDKS,10
0.4019,0.0,0.891,0.109,@CBS,Sun Jan 07 18:38:31 +0000 2018,"RT @charliekirk11: Incredible video: @CBS does a special on the GOP tax plan 

The result?

Every middle class family they sat down with SA‚Ä¶",11
-0.6817,0.278,0.722,0.0,@CBS,Sun Jan 07 18:38:19 +0000 2018,RT @SabresBuzz: Bill Cower is a @buffalobills #BillsMafia SAVAGE!!! #BillsMafia @CBS @Jaguars @PegulaSE https://t.co/uGRQX4lVJW,12
-0.25,0.095,0.905,0.0,@CBS,Sun Jan 07 18:38:11 +0000 2018,"RT @AmericanVoterUS: Propaganda is coming from WITHIN 

@CNN @ABC @NBC @CBS &amp; sometimes @FOXNews with GOP #DeepState 

Obama made #FakeNews‚Ä¶",13
-0.5106,0.213,0.679,0.109,@CBS,Sun Jan 07 18:37:56 +0000 2018,"RT @petefrt: DNC Deputy Chair Keith Ellison Endorses Antifa (A Terrorist Group)

#ThatsHowYouGotTrump
#ThatsHowYouGetMoreTrump

@abc @cbs @‚Ä¶",14
0.3612,0.0,0.828,0.172,@CBS,Sun Jan 07 18:37:38 +0000 2018,@CBS @CBS thank you for the lines. It‚Äôs the little things in life,15
0.4404,0.0,0.805,0.195,@CBS,Sun Jan 07 18:37:36 +0000 2018,"Really, who in @CBS thought it was a good idea to give @tonyromo a microphone? üôÑ",16
0.0,0.0,1.0,0.0,@CBS,Sun Jan 07 18:37:34 +0000 2018,@UnitedCitizen01 @JackPosobiec @CNN @CBS @nbc @ABC @AP @nytimes @DonaldJTrumpJr ....deserves to have more money put‚Ä¶ https://t.co/VRdlNuIZsg,17
0.0,0.0,1.0,0.0,@CBS,Sun Jan 07 18:37:28 +0000 2018,RT @KimKerHoang23: @CBS @CBSNews @nbc @NBCNews @cnnbrk @CNN @cnni @60Minutes @FOX2now  @FoxNews @washingtonpost @nytimes @andersoncooper @A‚Ä¶,18
0.0,0.0,1.0,0.0,@CBS,Sun Jan 07 18:37:27 +0000 2018,@jennacl47066694 @Acosta @nbc @cbs @abc aetv @ap @cnn @cnni @msn msnbc @NBCNightlyNews @CBSSunday @ABCNetwork‚Ä¶ https://t.co/QSJ6BvzhmH,19
-0.25,0.095,0.905,0.0,@CBS,Sun Jan 07 18:37:23 +0000 2018,"RT @AmericanVoterUS: Propaganda is coming from WITHIN 

@CNN @ABC @NBC @CBS &amp; sometimes @FOXNews with GOP #DeepState 

Obama made #FakeNews‚Ä¶",20
0.7804,0.0,0.672,0.328,@CBS,Sun Jan 07 18:37:10 +0000 2018,"@KodyJM12 @JackPosobiec @CNN @CBS @nbc @ABC @AP @nytimes @DonaldJTrumpJr @President1Trump LOL

It's been Fun
Youre‚Ä¶ https://t.co/VmoNTupEVx",21
0.3182,0.0,0.901,0.099,@CBS,Sun Jan 07 18:37:06 +0000 2018,RT @bpadj: @AmericanVoterUS @CNN @ABC @nbc @CBS @FoxNews If they repeat the lie enough it becomes familiar as truth. Clintons were masters‚Ä¶,22
-0.4215,0.118,0.882,0.0,@CBS,Sun Jan 07 18:36:52 +0000 2018,"RT @petefrt: ""I'm part of your family because I broke into your house"" 

@abc @cbs @nbc @cnn @pbs @msnbc @NYTimes @WashingtonPost

#tcot #p‚Ä¶",23
-0.5994,0.228,0.656,0.116,@CBS,Sun Jan 07 18:36:48 +0000 2018,"Legal Opinion: Wolff‚Äôs Admission to Lies in His Book Puts Him in Legal Jeopardy

@abc @cbs @nbc @cnn @pbs @msnbc‚Ä¶ https://t.co/287QEu3BT7",24
0.0,0.0,1.0,0.0,@CBS,Sun Jan 07 18:36:46 +0000 2018,@CBS  https://t.co/kafwauYqwM,25
0.0,0.0,1.0,0.0,@CBS,Sun Jan 07 18:36:45 +0000 2018,@UnitedCitizen01 @JackPosobiec @CNN @CBS @nbc @ABC @AP @nytimes @DonaldJTrumpJr I deserve the money I work for! And‚Ä¶ https://t.co/KJzWZbs5ea,26
-0.5267,0.167,0.833,0.0,@CBS,Sun Jan 07 18:36:25 +0000 2018,"RT @gentlemanirishN: @AmericanVoterUS @wattsjim @CNN @ABC @nbc @CBS @FoxNews O'LIAR INC. Known As The ""LiARs AcT""       ‚úùÔ∏èüöÇ‚öñÔ∏èüóΩ‚õ™Ô∏èüá∫üá∏üáÆüá± https:‚Ä¶",27
0.3182,0.0,0.901,0.099,@CBS,Sun Jan 07 18:36:14 +0000 2018,RT @bpadj: @AmericanVoterUS @CNN @ABC @nbc @CBS @FoxNews If they repeat the lie enough it becomes familiar as truth. Clintons were masters‚Ä¶,28
0.6705,0.0,0.744,0.256,@CBS,Sun Jan 07 18:35:50 +0000 2018,"I promise I have a high-tolerance for occasional noise but @CBS, we have GOT to do better than this constant‚Ä¶ https://t.co/1KhdOvKZUc",29
-0.4767,0.162,0.838,0.0,@CBS,Sun Jan 07 18:35:28 +0000 2018,@UnitedCitizen01 @JackPosobiec @CNN @CBS @nbc @ABC @AP @nytimes @DonaldJTrumpJr The middle class suffers when the r‚Ä¶ https://t.co/rPxgbkHqkm,30
-0.25,0.095,0.905,0.0,@CBS,Sun Jan 07 18:35:25 +0000 2018,"RT @AmericanVoterUS: Propaganda is coming from WITHIN 

@CNN @ABC @NBC @CBS &amp; sometimes @FOXNews with GOP #DeepState 

Obama made #FakeNews‚Ä¶",31
0.4404,0.0,0.861,0.139,@CBS,Sun Jan 07 18:35:17 +0000 2018,"@CurrentlyPhx @suntreegolf @CBS One would hope liberals wouldn't choose to spit on the flag, vets, and the military‚Ä¶ https://t.co/WTzKFp5gWH",32
0.3612,0.146,0.575,0.28,@CBS,Sun Jan 07 18:35:16 +0000 2018,Fraud: Wolff Admits He‚Äôs Not Sure His Own Book Is True https://t.co/xS5NUrIzrV via @YouTube @MSNBC @CNN @ABC @CBS‚Ä¶ https://t.co/347PdQv5HR,33
0.0,0.0,1.0,0.0,@CBS,Sun Jan 07 18:35:16 +0000 2018,@CBS You know... just because you can doesn‚Äôt mean you should,34
0.0,0.0,1.0,0.0,@CBS,Sun Jan 07 18:35:01 +0000 2018,@CBS Can not wait.,35
-0.6679,0.174,0.762,0.064,@CBS,Sun Jan 07 18:34:44 +0000 2018,@tonyromo dude you need to shut the hell up @CBS you talk way to much calling plays !!! We need to watch the dam ga‚Ä¶ https://t.co/o8VwZ2Ew3e,36
0.4574,0.0,0.857,0.143,@CBS,Sun Jan 07 18:34:34 +0000 2018,"RT @brunshee: The biggest tv moment for 2017 for me, yes @CBS @BrunoMars you did it! üòôüéâüëèüëèüíÉ #BrunosTVSpecial https://t.co/m3xgOjpZ7N",37
0.4404,0.0,0.791,0.209,@CBS,Sun Jan 07 18:34:19 +0000 2018,@pgammo Better question.  How could @CBS not show us the National Anthem?,38
0.0,0.0,1.0,0.0,@CBS,Sun Jan 07 18:34:18 +0000 2018,"@KodyJM12 @JackPosobiec @CNN @CBS @nbc @ABC @AP @nytimes @DonaldJTrumpJr @President1Trump BIGOT?

One more GROUND for LAW SUIT

Keep it Up.",39
0.4404,0.0,0.847,0.153,@CBS,Sun Jan 07 18:33:53 +0000 2018,@UnitedCitizen01 @JackPosobiec @CNN @CBS @nbc @ABC @AP @nytimes @DonaldJTrumpJr Which is funny u take a page out of‚Ä¶ https://t.co/nL3Su3ODu8,40
-0.2564,0.141,0.804,0.055,@CBS,Sun Jan 07 18:33:51 +0000 2018,RT @kickzcharmer: So @CBS if I pay for cable and want to access ur programming from a streaming device u expect me to pay again?,41
0.0,0.0,1.0,0.0,@CBS,Sun Jan 07 18:33:49 +0000 2018,RT @CBS: Can you match the boss chick with her quote? https://t.co/OuMry1z0mB,42
-0.5106,0.213,0.679,0.109,@CBS,Sun Jan 07 18:33:46 +0000 2018,"RT @petefrt: DNC Deputy Chair Keith Ellison Endorses Antifa (A Terrorist Group)

#ThatsHowYouGotTrump
#ThatsHowYouGetMoreTrump

@abc @cbs @‚Ä¶",43
0.0,0.0,1.0,0.0,@CBS,Sun Jan 07 18:33:21 +0000 2018,@KodyJM12 @JackPosobiec @CNN @CBS @nbc @ABC @AP @nytimes @DonaldJTrumpJr Explain again WHY YOU deserve Other people‚Ä¶ https://t.co/2bY0TZuhjz,44
-0.25,0.095,0.905,0.0,@CBS,Sun Jan 07 18:33:17 +0000 2018,"RT @AmericanVoterUS: Propaganda is coming from WITHIN 

@CNN @ABC @NBC @CBS &amp; sometimes @FOXNews with GOP #DeepState 

Obama made #FakeNews‚Ä¶",45
0.0,0.0,1.0,0.0,@CBS,Sun Jan 07 18:33:07 +0000 2018,@CBS  https://t.co/GclumNq76P,46
0.0772,0.0,0.929,0.071,@CBS,Sun Jan 07 18:33:05 +0000 2018,"RT @MonroeAl11: @CBS we want to see ShootSpinOff with AmyAcker &amp; SarahShahi
#PersonOfInterest #RootandShaw
""I thinkÔºåthere're things I care‚Ä¶",47
-0.25,0.095,0.905,0.0,@CBS,Sun Jan 07 18:32:24 +0000 2018,"RT @AmericanVoterUS: Propaganda is coming from WITHIN 

@CNN @ABC @NBC @CBS &amp; sometimes @FOXNews with GOP #DeepState 

Obama made #FakeNews‚Ä¶",48
0.0,0.0,1.0,0.0,@CBS,Sun Jan 07 18:32:21 +0000 2018,@UnitedCitizen01 @JackPosobiec @CNN @CBS @nbc @ABC @AP @nytimes @DonaldJTrumpJr Maybe not ALL of them but any trump‚Ä¶ https://t.co/uUQTJ5LEIE,49
-0.2564,0.154,0.786,0.06,@CBS,Sun Jan 07 18:32:10 +0000 2018,So @CBS if I pay for cable and want to access ur programming from a streaming device u expect me to pay again?,50
0.0,0.0,1.0,0.0,@CBS,Sun Jan 07 18:31:50 +0000 2018,"Cad√™ a linha amarela, @CBS?",51
-0.3147,0.102,0.898,0.0,@CBS,Sun Jan 07 18:31:44 +0000 2018,@DerekAndSusan I am seriously cheesed off that @CBS did not show the anthem! See ya in Vinoy Park next Sat! #SunshineMusicFestival #VIP,52
-0.5267,0.204,0.714,0.082,@CBS,Sun Jan 07 18:31:29 +0000 2018,I‚Äôm a big fan of when a @CBS crime drama has to stop a hacker because it always comes across as if the entire writi‚Ä¶ https://t.co/kXmgpbhgtw,53
-0.5267,0.152,0.848,0.0,@CBS,Sun Jan 07 18:31:20 +0000 2018,@petefrt @ABC @CBS @nbc @CNN @PBS @MSNBC @nytimes @washingtonpost And that they are too stupid to do anything about it,54
0.926,0.0,0.567,0.433,@CBS,Sun Jan 07 18:31:14 +0000 2018,If @CBS cares then why do they charge people to stream a free game on free tv? ü§î @verizon thank you for giving us f‚Ä¶ https://t.co/hONkNk3raQ,55
0.0,0.0,1.0,0.0,@CBS,Sun Jan 07 18:30:59 +0000 2018,@KodyJM12 @JackPosobiec @CNN @CBS @nbc @ABC @AP @nytimes @DonaldJTrumpJr @President1Trump @HillaryClinton Conspired‚Ä¶ https://t.co/a7buvt38gX,56
0.0258,0.131,0.695,0.174,@CBS,Sun Jan 07 18:30:46 +0000 2018,@tonyposnanski Yeah that was stupid. It would be cool if the media just circumvented trump and admin and just repor‚Ä¶ https://t.co/fFE4WyGq4H,57
0.4404,0.0,0.756,0.244,@CBS,Sun Jan 07 18:30:27 +0000 2018,@CBS 60 million will not be watching have a good time,58
-0.7154,0.252,0.659,0.089,@CBS,Sun Jan 07 18:30:27 +0000 2018,do yourselves and all of us a favor and never use the words FAKE news or FAKE anything again--let the word be assoc‚Ä¶ https://t.co/heXeXp376m,59
-0.2924,0.108,0.892,0.0,@CBS,Sun Jan 07 18:30:18 +0000 2018,RT @CBS: Don‚Äôt miss the AFC Wild Card game! Stream Buffalo @ Jacksonville LIVE today at 1PM ET! https://t.co/3hruoYlIJ7 https://t.co/ZdfYl0‚Ä¶,60
0.0,0.0,1.0,0.0,@CBS,Sun Jan 07 18:30:12 +0000 2018,RT @AAUW: See us on @CBS this morning? Get the skills to ask for the salary you deserve: https://t.co/x6RbyewTkR #equalpay   https://t.co/X‚Ä¶,61
0.0,0.0,1.0,0.0,@CBS,Sun Jan 07 18:30:08 +0000 2018,@NewtownAction @NoNotoriety This cannot be emphasized enough &amp; editors in print &amp; TV must hold themselves complicit‚Ä¶ https://t.co/2rGnM3I3NA,62
0.0,0.0,1.0,0.0,@CBS,Sun Jan 07 18:30:01 +0000 2018,#Mom was one of @SpoilerTV's Scenes of the Week. @CBS @MomCBS @AllisonBJanney https://t.co/q9pZqfNCzM https://t.co/ZyhcChUkzr,63
-0.25,0.095,0.905,0.0,@CBS,Sun Jan 07 18:30:00 +0000 2018,"RT @AmericanVoterUS: Propaganda is coming from WITHIN 

@CNN @ABC @NBC @CBS &amp; sometimes @FOXNews with GOP #DeepState 

Obama made #FakeNews‚Ä¶",64
0.0,0.0,1.0,0.0,@CBS,Sun Jan 07 18:29:50 +0000 2018,@CBS @CBSSports @CBSSportsNet  @buffalobills  @jacksonvilleja7 @Jaguars WHERE  IS THE  1ST DOWN BROADCAST OVERLAY ???  FIX IT !!!,65
-0.5423,0.304,0.696,0.0,@CBS,Sun Jan 07 18:29:14 +0000 2018,@CBS the sound of this football game is horrible,66
0.4648,0.0,0.832,0.168,@CBS,Sun Jan 07 18:29:08 +0000 2018,"RT @LucaCharmedFan: When will you get it @TheCW and @CBS ? Two words. ""ORIGINAL CAST."" #charmed https://t.co/Aga1GEiVuB",67
0.0,0.0,1.0,0.0,@CBS,Sun Jan 07 18:28:48 +0000 2018,@CBS @CBSNews why don‚Äôt you guys have the yellow line marker on for us watching the @buffalobills game?? The guys a‚Ä¶ https://t.co/NclqNzrrGT,68
0.0,0.0,1.0,0.0,@CBS,Sun Jan 07 18:28:26 +0000 2018,RT @bridgette_TN: #ShandySunday  #SupportMajorCrimes  #BestShowEver @CBS @EpixHD @epixpress @WBHomeEnt @CBSTweet @AllAccessCBS https://t.co‚Ä¶,69
-0.25,0.095,0.905,0.0,@CBS,Sun Jan 07 18:28:13 +0000 2018,"RT @AmericanVoterUS: Propaganda is coming from WITHIN 

@CNN @ABC @NBC @CBS &amp; sometimes @FOXNews with GOP #DeepState 

Obama made #FakeNews‚Ä¶",70
0.0,0.0,1.0,0.0,@CBS,Sun Jan 07 18:28:09 +0000 2018,‚ÄúWe got an old school field position battle‚Äù @tonyromo @cbs,71
0.0,0.0,1.0,0.0,@CBS,Sun Jan 07 18:28:08 +0000 2018,"@KodyJM12 @JackPosobiec @CNN @CBS @nbc @ABC @AP @nytimes @DonaldJTrumpJr LIBEL
Again

Somebody needs to sue your as‚Ä¶ https://t.co/GJN98FZ2qk",72
0.0,0.0,1.0,0.0,@CBS,Sun Jan 07 18:28:03 +0000 2018,@cbs where is the first down marker line for bills jags game?,73
0.4019,0.0,0.891,0.109,@CBS,Sun Jan 07 18:28:02 +0000 2018,"RT @charliekirk11: Incredible video: @CBS does a special on the GOP tax plan 

The result?

Every middle class family they sat down with SA‚Ä¶",74
0.0,0.0,1.0,0.0,@CBS,Sun Jan 07 18:27:36 +0000 2018,RT @TIGER05300237: @CBS @ESPNNFL @nflnetwork @FOXSports  The phony @NFL football players are disgraceful!  Disrespectful to our military me‚Ä¶,75
0.0,0.0,1.0,0.0,@CBS,Sun Jan 07 18:27:20 +0000 2018,Hey @CBS where's the yellow line?!?!?!,76
0.2516,0.09,0.778,0.131,@CBS,Sun Jan 07 18:27:20 +0000 2018,So @CBS is trying to avoid showing the anthem to maintain some sort of political peace?  What other reason wouldn't‚Ä¶ https://t.co/40W25lRrhQ,77
0.0,0.0,1.0,0.0,@CBS,Sun Jan 07 18:27:05 +0000 2018,@ajmangum @CBS @AppleTV Me too.,78
-0.2023,0.091,0.909,0.0,@CBS,Sun Jan 07 18:26:44 +0000 2018,"Question: Can #MSM and their individual members @CNN @CBS @NBC @ABC etc,etc, be charged with withholding of evidenc‚Ä¶ https://t.co/k0cInz3qzG",79
-0.5849,0.226,0.774,0.0,@CBS,Sun Jan 07 18:26:39 +0000 2018,RT @windycity4eva: The sound on this @CBS broadcast of the game is absolutely horrible,80
0.0,0.0,1.0,0.0,@CBS,Sun Jan 07 18:26:38 +0000 2018,@BBC @CNN @CBS @guardiannews @nytimesworld @nytimes @DerSPIEGEL @France3tv @LaStampa @Le_Figaro @SkyNews if U want‚Ä¶ https://t.co/cdpSf4nAj4,81
0.0,0.0,1.0,0.0,@CBS,Sun Jan 07 18:26:33 +0000 2018,"@ABC @ABCPolitics @ABCNetwork @CBS @CBSNews @CBSSunday  @CNN @MSNBC @NBCNews 
#StopTheInsanity https://t.co/QyL2lluaDp",82
0.3182,0.0,0.85,0.15,@CBS,Sun Jan 07 18:26:29 +0000 2018,@cbs can‚Äôt we please get some line of scrimmages and first down lines #NFL,83
0.4588,0.0,0.875,0.125,@CBS,Sun Jan 07 18:26:14 +0000 2018,"RT @EWADJD_D: #Moron passing out awards to MSM @CNN @MSNBC @ABC @washingtonpost @CBS @NBC @nytimes, the journalists who he calls ‚Äúfake news‚Ä¶",84
-0.7345,0.279,0.721,0.0,@CBS,Sun Jan 07 18:26:10 +0000 2018,ABSOLUTELY @CNN @jaketapper have no credibility left bc they R so obvious abt their @POTUS hate! I now believe(alon‚Ä¶ https://t.co/0i75nm3kgj,85
-0.68,0.263,0.649,0.088,@CBS,Sun Jan 07 18:25:55 +0000 2018,@SethAbramson @CNN @NBC @MSNBC @CBS @ABC @FOX  - enuf lying! be responsible - remember ur coverage helped these batatas steal the WH.,86
-0.3182,0.223,0.777,0.0,@CBS,Sun Jan 07 18:25:44 +0000 2018,I'm lost without the yellow first down line @CBS,87
0.4019,0.0,0.891,0.109,@CBS,Sun Jan 07 18:25:25 +0000 2018,"RT @charliekirk11: Incredible video: @CBS does a special on the GOP tax plan 

The result?

Every middle class family they sat down with SA‚Ä¶",88
0.0,0.0,1.0,0.0,@CBS,Sun Jan 07 18:25:16 +0000 2018,RT @KimKerHoang23: @CBS @CBSNews @nbc @NBCNews @cnnbrk @CNN @cnni @60Minutes @FOX2now  @FoxNews @washingtonpost @nytimes @andersoncooper @A‚Ä¶,89
0.0,0.0,1.0,0.0,@CBS,Sun Jan 07 18:25:07 +0000 2018,#ShandySunday  #SupportMajorCrimes  #BestShowEver @CBS @EpixHD @epixpress @WBHomeEnt @CBSTweet @AllAccessCBS https://t.co/DskIm3zpIw,90
0.0,0.0,1.0,0.0,@CBS,Sun Jan 07 18:24:56 +0000 2018,RT @AAUW: See us on @CBS this morning? Get the skills to ask for the salary you deserve: https://t.co/x6RbyewTkR #equalpay   https://t.co/X‚Ä¶,91
0.0,0.0,1.0,0.0,@CBS,Sun Jan 07 18:24:50 +0000 2018,RT @KimKerHoang23: @CBS @CBSNews @nbc @NBCNews @cnnbrk @CNN @cnni @60Minutes @FOX2now  @FoxNews @washingtonpost @nytimes @andersoncooper @A‚Ä¶,92
-0.4466,0.123,0.877,0.0,@CBS,Sun Jan 07 18:24:44 +0000 2018,Hey @cbs - flying BOS to MIA-buy inflight wifi-buy CBS ALL ACCESS for Bills game - ALL ACCESS ‚Äúcan‚Äôt find me‚Äù NO AUTHORIZATION #NOTALLACCESS,93
0.0,0.0,1.0,0.0,@CBS,Sun Jan 07 18:24:40 +0000 2018,@CBS @ESPNNFL @nflnetwork @FOXSports  The phony @NFL football players are disgraceful!  Disrespectful to our milita‚Ä¶ https://t.co/hAaeO6kNxd,94
0.0,0.0,1.0,0.0,@CBS,Sun Jan 07 18:24:34 +0000 2018,"@CBS NFL provides more than 130,000 jobs, not counting sponsors.
NFL contributes $15 billion to the economy.
NFL is‚Ä¶ https://t.co/NFu5KS9GzA",95
0.0,0.0,1.0,0.0,@CBS,Sun Jan 07 18:24:00 +0000 2018,"#WOKE  

When Libs tell you this is the 'new reality' and so 'get used to it', they're telling you they're sacrific‚Ä¶ https://t.co/IFf7xCBM9w",96
-0.5106,0.213,0.679,0.109,@CBS,Sun Jan 07 18:23:31 +0000 2018,"RT @petefrt: DNC Deputy Chair Keith Ellison Endorses Antifa (A Terrorist Group)

#ThatsHowYouGotTrump
#ThatsHowYouGetMoreTrump

@abc @cbs @‚Ä¶",97
0.0,0.0,1.0,0.0,@CBS,Sun Jan 07 18:23:23 +0000 2018,@UnitedCitizen01 @JackPosobiec @CNN @CBS @nbc @ABC @AP @nytimes @DonaldJTrumpJr Oh really now? Trump seemed to push‚Ä¶ https://t.co/yPbjlFi46G,98
-0.25,0.095,0.905,0.0,@CBS,Sun Jan 07 18:23:22 +0000 2018,"RT @AmericanVoterUS: Propaganda is coming from WITHIN 

@CNN @ABC @NBC @CBS &amp; sometimes @FOXNews with GOP #DeepState 

Obama made #FakeNews‚Ä¶",99
0.4019,0.0,0.891,0.109,@CBS,Sun Jan 07 18:23:13 +0000 2018,"RT @charliekirk11: Incredible video: @CBS does a special on the GOP tax plan 

The result?

Every middle class family they sat down with SA‚Ä¶",100
-0.8496,0.381,0.536,0.083,@Fox,Sun Jan 07 18:39:43 +0000 2018,@MelissaKester @FoxNews @fox So it's slut shaming to call out a female teacher raping a child? You alright?,1
0.0,0.0,1.0,0.0,@Fox,Sun Jan 07 18:32:49 +0000 2018,@fox Is it the beef burgers that makes Tramp obese ... or what https://t.co/P4r3QYHNP3,2
-0.296,0.115,0.885,0.0,@Fox,Sun Jan 07 18:31:40 +0000 2018,@bitchypolitics @boominator64 @FoxNews @cjtfarrell @fox and that is the spending during the Obama years. No one has‚Ä¶ https://t.co/Qyi29RKS8G,3
0.0,0.0,1.0,0.0,@Fox,Sun Jan 07 18:29:50 +0000 2018,"@bitchypolitics @boominator64 @FoxNews @cjtfarrell @fox than before, collecting it......in business, you claim a lo‚Ä¶ https://t.co/M3h4He9sle",4
-0.5859,0.167,0.833,0.0,@Fox,Sun Jan 07 18:28:18 +0000 2018,@FoxNews Classic @fox news story. They find every instance of women sexually molesting boys and report it. It's par‚Ä¶ https://t.co/Q8gie8V4Hh,5
-0.4404,0.172,0.828,0.0,@Fox,Sun Jan 07 18:27:28 +0000 2018,@MarkDice I think Gillian Turner on @Fox might suck satans balls and probably blow AC Cooperüëéüèª,6
0.0498,0.107,0.779,0.115,@Fox,Sun Jan 07 18:26:39 +0000 2018,Maybe @FoxNews @Fox @foxnewsalert can hire more like Gillian Turner and change their name to Fox liberal crap and c‚Ä¶ https://t.co/u8JOyo9Aug,7
-0.68,0.263,0.649,0.088,@Fox,Sun Jan 07 18:25:55 +0000 2018,@SethAbramson @CNN @NBC @MSNBC @CBS @ABC @FOX  - enuf lying! be responsible - remember ur coverage helped these batatas steal the WH.,8
0.0,0.0,1.0,0.0,@Fox,Sun Jan 07 18:25:15 +0000 2018,"@bitchypolitics @boominator64 @FoxNews @cjtfarrell @fox ...... ""borrowed"" from SS funds. There was a surplus -- wel‚Ä¶ https://t.co/v9DAdz1c0D",9
0.0,0.0,1.0,0.0,@Fox,Sun Jan 07 18:23:02 +0000 2018,"@bitchypolitics @boominator64 @FoxNews @cjtfarrell @fox What I was saying with the 3 minutes I had, was apples to a‚Ä¶ https://t.co/X7gIwxQ3ft",10
0.0,0.0,1.0,0.0,@Fox,Sun Jan 07 18:22:17 +0000 2018,RT @rogersurfacings: @Yes2Pot @ABC @nbc @CBS @CNN @BBC @fox @cspan @KSRO  https://t.co/5tFn1d7E3p,11
0.0,0.0,1.0,0.0,@Fox,Sun Jan 07 18:21:42 +0000 2018,#Amasƒ±zKadro Butun kit kurumlarindaki arkadaslarin hakki olan kadronun verilmesini istiyoruz.SONUNA KADAR MUCADELE‚Ä¶ https://t.co/jegdD99xkG,12
0.0,0.0,1.0,0.0,@Fox,Sun Jan 07 18:19:02 +0000 2018,"My rankings:
1.) @nbc 
2.) @espn 
3.) @Fox
4.) @nflnetwork 
5.) @CBS",13
-0.5267,0.23,0.63,0.141,@Fox,Sun Jan 07 18:14:57 +0000 2018,Half of Fox News is ok and halfis liberal emotional unfactual fake news. @Fox should be ashamed of secretly pushing‚Ä¶ https://t.co/StzYsWQnmY,14
0.0,0.0,1.0,0.0,@Fox,Sun Jan 07 17:56:34 +0000 2018,"RT @Mkaraguven79: #KitlerSoruyorH√ºk√ºmetKa√ßƒ±yor kitler kadro istiyor.
@TC_Basbakan
@jsarieroglu
@veliagbaba
@oguz_tor
@fox
@startv",15
0.0,0.0,1.0,0.0,@Fox,Sun Jan 07 17:50:54 +0000 2018,@ABC @Fox @BBCWorld  @Cnn @AlJazeera https://t.co/kLE8B2gQwN,16
0.0,0.0,1.0,0.0,@Fox,Sun Jan 07 17:46:17 +0000 2018,"@RT_Erdogan 
@tcbestepe 
@ikalin1
@TC_Basbakan
@jsarieroglu
@kilicdarogluk
@veliagbaba
@oguz_tor
@fox
@startv
@turkiskonf#Amasƒ±zKadro",17
0.0,0.0,1.0,0.0,@Fox,Sun Jan 07 17:45:12 +0000 2018,"#Amasƒ±zKadro ayrƒ±msiz kadro
@RT_Erdogan 
@tcbestepe 
@ikalin1
@TC_Basbakan
@jsarieroglu
@kilicdarogluk
@veliagbaba‚Ä¶ https://t.co/OvsExY6Qp3",18
0.0,0.0,1.0,0.0,@Fox,Sun Jan 07 17:44:23 +0000 2018,"#Amasƒ±zKadro#KitlerSoruyorH√ºk√ºmetKa√ßƒ±yor
@RT_Erdogan 
@tcbestepe 
@ikalin1
@TC_Basbakan
@jsarieroglu
@kilicdarogluk‚Ä¶ https://t.co/l3TjVqTQXb",19
-0.4466,0.211,0.789,0.0,@Fox,Sun Jan 07 17:42:09 +0000 2018,"üèà #NFL üèà #NFLPlayoffs 
CAR #Panthers @ NO #Saints (-6.5/47.5)

https://t.co/VO3q1cVzWK
üíµLets Ca$hüíµ @DonBestSports‚Ä¶ https://t.co/xe1FFc6cIh",20
0.0,0.0,1.0,0.0,@Fox,Sun Jan 07 17:30:51 +0000 2018,"Dƒ∞K DURUYORUZ AMA Dƒ∞KLENMƒ∞YORUZ REƒ∞S
√á√úNK√ú Bƒ∞Z HAKLƒ∞Yƒ∞Z
#KitlerSoruyorH√ºk√ºmetKa√ßƒ±yor
@RT_Erdogan 
@tcbestepe‚Ä¶ https://t.co/Fnq2KTCvot",21
0.0,0.0,1.0,0.0,@Fox,Sun Jan 07 17:29:40 +0000 2018,"RT @Mkaraguven79: #KitlerSoruyorH√ºk√ºmetKa√ßƒ±yor kitler kadro istiyor.
@TC_Basbakan
@jsarieroglu
@veliagbaba
@oguz_tor
@fox
@startv",22
-0.5256,0.152,0.848,0.0,@Fox,Sun Jan 07 17:14:56 +0000 2018,@cbs @fox @espn really terrible how yall never talk bout the @Saints or how yall never give @drewbrees any recognition,23
0.0,0.0,1.0,0.0,@Fox,Sun Jan 07 16:58:03 +0000 2018,"RT @Mkaraguven79: #KitlerSoruyorH√ºk√ºmetKa√ßƒ±yor kitler kadro istiyor.
@TC_Basbakan
@jsarieroglu
@veliagbaba
@oguz_tor
@fox
@startv",24
0.0,0.0,1.0,0.0,@Fox,Sun Jan 07 16:57:29 +0000 2018,"RT @Mkaraguven79: #KitlerSoruyorH√ºk√ºmetKa√ßƒ±yor kitler kadro istiyor.
@TC_Basbakan
@jsarieroglu
@veliagbaba
@oguz_tor
@fox
@startv",25
0.3182,0.0,0.777,0.223,@Fox,Sun Jan 07 16:47:04 +0000 2018,"@fox It's from the #Gifted, to be precise :-)",26
0.0,0.0,1.0,0.0,@Fox,Sun Jan 07 16:46:46 +0000 2018,"@AprilDeming @LANORML @wikileaks @NBC = Brian L. Roberts
@CBS = Redstones
@CNN = J Zucker+J Bewkes (CEOs)‚Ä¶ https://t.co/SxxH3WVjnn",27
0.5994,0.0,0.803,0.197,@Fox,Sun Jan 07 16:46:29 +0000 2018,"Dear @Fox, next time you try to imitate Polish newspaper, please hire a native Pole to check the grammar of your ""s‚Ä¶ https://t.co/gw9JIcrdzW",28
0.0,0.0,1.0,0.0,@Fox,Sun Jan 07 16:36:53 +0000 2018,"@TomWellborn 
Actually he has done this repeatedly and you are correct that is just what @GOP and @Fox do each time‚Ä¶ https://t.co/LsTx7esbu8",29
0.0,0.0,1.0,0.0,@Fox,Sun Jan 07 16:33:27 +0000 2018,RT @rogersurfacings: @Yes2Pot @ABC @nbc @CBS @CNN @BBC @fox @cspan @KSRO  https://t.co/5tFn1d7E3p,30
0.0,0.0,1.0,0.0,@Fox,Sun Jan 07 16:31:40 +0000 2018,@Deplorablerenee @boominator64 @FoxNews @cjtfarrell @fox ü§¶üèΩ‚Äç‚ôÄÔ∏è,31
0.0,0.0,1.0,0.0,@Fox,Sun Jan 07 16:31:15 +0000 2018,@Yes2Pot @ABC @nbc @CBS @CNN @BBC @fox @cspan @KSRO  https://t.co/5tFn1d7E3p,32
0.0,0.0,1.0,0.0,@Fox,Sun Jan 07 16:30:27 +0000 2018,"RT @Yes2Pot: .@ABC .@NBC .@CBS .@CNN .@BBC  .@FOX  .@CSPAN
.@KSRO   REPORT THIS! Israeli settler runs over 4 #Palestinian kids https://t.co‚Ä¶",33
0.0,0.0,1.0,0.0,@Fox,Sun Jan 07 16:16:28 +0000 2018,"It's so routine even .@ABC .@NBC .@CBS .@CNN .@BBC  .@FOX  .@CSPAN
.@KSRO .@IngrahamAngle .@PBS doesn't report on i‚Ä¶ https://t.co/rZysmSK5C8",34
0.0,0.0,1.0,0.0,@Fox,Sun Jan 07 16:13:01 +0000 2018,"RT @Mkaraguven79: #KitlerSoruyorH√ºk√ºmetKa√ßƒ±yor kitler kadro istiyor.
@TC_Basbakan
@jsarieroglu
@veliagbaba
@oguz_tor
@fox
@startv",35
0.0,0.0,1.0,0.0,@Fox,Sun Jan 07 16:11:55 +0000 2018,@RedTRaccoon @jaketapper @deadlinewh Absolutely--no more airtime for the idiots that have golden passes and co-writ‚Ä¶ https://t.co/ohR4XNt7nX,36
0.0,0.0,1.0,0.0,@Fox,Sun Jan 07 16:06:03 +0000 2018,@jaketapper @jorgeramosnews @LeonKrauze @cnnbrk @fox @MSNBC @maddow This is real news and concerning news for human‚Ä¶ https://t.co/R0sMJvMUSt,37
0.7951,0.0,0.664,0.336,@Fox,Sun Jan 07 15:52:02 +0000 2018,@Fox News: hey Maria so many good things come out of that beautiful mouth of yours...,38
0.0,0.0,1.0,0.0,@Fox,Sun Jan 07 15:49:16 +0000 2018,".@ABC .@NBC .@CBS .@CNN .@BBC  .@FOX  .@CSPAN
.@KSRO   REPORT THIS! Israeli settler runs over 4 #Palestinian kids https://t.co/4rTPbHwTZ4",39
-0.25,0.105,0.895,0.0,@Fox,Sun Jan 07 15:32:35 +0000 2018,@jaketapper @CNN are hired political operatives spewing propaganda .. nothing could be more obvious. @maddow is eve‚Ä¶ https://t.co/WpXY7iZlJT,40
0.0,0.0,1.0,0.0,@Fox,Sun Jan 07 15:29:59 +0000 2018,@moonshine6862 @POTUS @jeffsessions @OANN @TGowdySC @ChuckGrassley @Congress #WakeUpAmerica @Jim_Jordan @DevinNunes‚Ä¶ https://t.co/aSEYkwHeq1,41
-0.4215,0.142,0.75,0.108,@Fox,Sun Jan 07 15:28:25 +0000 2018,democrats can't make up their minds if they want to call @POTUS stupid &amp; didn't really want presidency or brilliant‚Ä¶ https://t.co/5HSunl31ur,42
0.0,0.0,1.0,0.0,@Fox,Sun Jan 07 15:25:21 +0000 2018,@RawStory Exactly T8k that BS to @FOX u Kazoo lookin MFr!!!! #Impeach45,43
0.0516,0.107,0.777,0.117,@Fox,Sun Jan 07 15:21:03 +0000 2018,"@MeetThePress @chucktodd @MichaelWolffNYC If @Fox has never been held accountable for libel, giving out secrets, no one should",44
0.0,0.0,1.0,0.0,@Fox,Sun Jan 07 15:10:52 +0000 2018,"Whoa, @Fox News #Sunday W/Chris Wallace on Wxxa Fox Network ""((( In New York )))"". Has the NY Government finally st‚Ä¶ https://t.co/FlJCZQF31K",45
0.34,0.0,0.854,0.146,@Fox,Sun Jan 07 15:08:10 +0000 2018,And standing together is EXACTLY what we are doing ha üí™üá∫üá∏ @CNN @fox @SenMajLdr https://t.co/8iUMmtFzyz,46
0.0,0.0,1.0,0.0,@Fox,Sun Jan 07 15:01:45 +0000 2018,RT @wrs1260: @Imperator_Rex3 @karenyporter @POTUS @realDonaldTrump @jeffsessions @ChuckGrassley @TGowdySC @Congress @FOX @Jim_Jordan @Devin‚Ä¶,47
0.1531,0.087,0.805,0.107,@Fox,Sun Jan 07 14:45:26 +0000 2018,RT @fox: ‚ÄúThe message misogynists have gotten from other men is one where they can be publicly hostile to women and still succeed in the pr‚Ä¶,48
-0.8141,0.26,0.74,0.0,@Fox,Sun Jan 07 14:42:32 +0000 2018,"RT @Tywyrn: @fox #MAGA I PAY MY OWN STUDENT LOAN DEBT. But with so much government waste, we could use more of our tax dollars in our pocke‚Ä¶",49
-0.4588,0.219,0.663,0.117,@Fox,Sun Jan 07 14:35:01 +0000 2018,.@MartinOMalley Unfortunately@realDonaldTrump never said all Mexicans are rapists. Please listen again &amp; correct yo‚Ä¶ https://t.co/VjPfu10Rh4,50
0.0,0.0,1.0,0.0,@Fox,Sun Jan 07 14:29:53 +0000 2018,RT @wrs1260: @Imperator_Rex3 @karenyporter @POTUS @realDonaldTrump @jeffsessions @ChuckGrassley @TGowdySC @Congress @FOX @Jim_Jordan @Devin‚Ä¶,51
0.3382,0.096,0.75,0.154,@Fox,Sun Jan 07 14:11:13 +0000 2018,"@fox&amp;friends

The politics is boring.
Do law &amp; justice!

DACAns should get green cards &amp; apply for citizenship. We‚Ä¶ https://t.co/cnKKD6WVYt",52
0.3612,0.0,0.878,0.122,@Fox,Sun Jan 07 14:05:29 +0000 2018,"@Fox&amp;Friend You May like this one too
Schumer (Part 2 of 4) - 6th Annual Immigration Law and Policy Conference‚Ä¶ https://t.co/ElAboJ5IOL",53
-0.3612,0.122,0.878,0.0,@Fox,Sun Jan 07 14:01:55 +0000 2018,@bitchypolitics @boominator64 @FoxNews @cjtfarrell @fox 1) debt in 2009-2017 is $10T.     2) He used our SS funds t‚Ä¶ https://t.co/XQpjEtvZab,54
-0.4168,0.236,0.764,0.0,@Fox,Sun Jan 07 13:51:32 +0000 2018,"@Fox News,@CNN, @MSM, history will not be kind to you.",55
-0.0516,0.165,0.677,0.158,@Fox,Sun Jan 07 13:48:13 +0000 2018,"@Barak Obama @oann @Fox news @Hannity @dnc @CIA @statedeptspox  Shakespeare said it best: ""The evil that men do liv‚Ä¶ https://t.co/xCJLeOmwbX",56
0.0,0.0,1.0,0.0,@Fox,Sun Jan 07 13:46:30 +0000 2018,@FoxNews @foxandfriends @fox @PeteHegseth @USNJack @GeraldoRivera @kilmeade @dbongino @Scavino45,57
0.4926,0.0,0.814,0.186,@Fox,Sun Jan 07 13:45:33 +0000 2018,"Trump Supporters &amp; family should read this!   @FoxNews @foxandfriends @fox&amp;friends weekends, @PeteHegseth @USNJack @GeraldoRivera @kilmeade",58
0.0,0.0,1.0,0.0,@Fox,Sun Jan 07 13:22:32 +0000 2018,@fox and all others?,59
0.1798,0.146,0.643,0.211,@Fox,Sun Jan 07 13:16:32 +0000 2018,@prisonlegends @fox Please don't playing with my heart AAAAAAAA,60
0.0,0.0,1.0,0.0,@Fox,Sun Jan 07 13:05:34 +0000 2018,@cnn @msnbc @fox https://t.co/hiov7JbIl3,61
0.0,0.0,1.0,0.0,@Fox,Sun Jan 07 13:04:27 +0000 2018,@cnn @msnbc @fox https://t.co/ZyAVCpDAO8,62
0.0,0.0,1.0,0.0,@Fox,Sun Jan 07 12:43:41 +0000 2018,@Fox&amp;@ffweekend  @PeteHegseth - Where's @Priebus?  Why isn't he speaking out against this book?  Did he give access‚Ä¶ https://t.co/eWC003IEqh,63
0.0,0.0,1.0,0.0,@Fox,Sun Jan 07 12:39:14 +0000 2018,RT @fox: @anubhamane üëèüèª,64
0.9231,0.0,0.58,0.42,@Fox,Sun Jan 07 12:26:18 +0000 2018,"@krassenstein @BarackObama Maybe it's just me, but I'm pretty sure all of #MSM idol worshipped #OBOZO, and not even‚Ä¶ https://t.co/pmYUq62C0L",65
0.0,0.0,1.0,0.0,@Fox,Sun Jan 07 12:11:44 +0000 2018,@ABC @CBS @NBC @HLN @MSNBC @FOX Hmmm https://t.co/JsmwP7qHq2,66
0.0,0.0,1.0,0.0,@Fox,Sun Jan 07 12:04:56 +0000 2018,@SpeakerRyan @SenateGOP @HouseGOP @GOPSenFinance @GOPLeader @SenateMajLdr @GOPCrooks @SenToomey @RickSantorum‚Ä¶ https://t.co/5XYSom1bz5,67
0.0,0.0,1.0,0.0,@Fox,Sun Jan 07 11:41:24 +0000 2018,Follow @Fox news,68
0.0,0.0,1.0,0.0,@Fox,Sun Jan 07 11:37:45 +0000 2018,RT @wrs1260: @Imperator_Rex3 @karenyporter @POTUS @realDonaldTrump @jeffsessions @ChuckGrassley @TGowdySC @Congress @FOX @Jim_Jordan @Devin‚Ä¶,69
0.3612,0.0,0.839,0.161,@Fox,Sun Jan 07 11:33:50 +0000 2018,"RT @fox: Hey, tech conference organisers, I have a few New Year‚Äôs resolutions ready for you.",70
0.0,0.0,1.0,0.0,@Fox,Sun Jan 07 11:30:38 +0000 2018,@Imperator_Rex3 @karenyporter @POTUS @realDonaldTrump @jeffsessions @ChuckGrassley @TGowdySC @Congress @FOX‚Ä¶ https://t.co/Zi03Oqywo5,71
-0.5267,0.188,0.812,0.0,@Fox,Sun Jan 07 11:25:25 +0000 2018,"@LeahR77 Serious query.
Why does one watch CNN or Msnbc? Both are Fake News. 
Real new is on @Fox and @OANN",72
0.3612,0.0,0.839,0.161,@Fox,Sun Jan 07 10:54:56 +0000 2018,"RT @fox: Hey, tech conference organisers, I have a few New Year‚Äôs resolutions ready for you.",73
0.1779,0.0,0.892,0.108,@Fox,Sun Jan 07 10:48:38 +0000 2018,@China @Olympics @TeamUSA @olympicchannel @NBCOlympics @OlympicFlame @@youtholympics  this is the spirit of the gam‚Ä¶ https://t.co/DfN1yQLyMd,74
0.0,0.0,1.0,0.0,@Fox,Sun Jan 07 10:45:19 +0000 2018,@chiIIum @POTUS @jeffsessions @OANN @TGowdySC @ChuckGrassley @Congress #WakeUpAmerica @Jim_Jordan @DevinNunes @FOX‚Ä¶ https://t.co/Aa9YbNJwYj,75
0.0772,0.296,0.37,0.333,@Fox,Sun Jan 07 10:41:22 +0000 2018,"@ekurutepe @fox Unfortunately, yes. Often.",76
0.3612,0.0,0.839,0.161,@Fox,Sun Jan 07 10:39:19 +0000 2018,"RT @fox: Hey, tech conference organisers, I have a few New Year‚Äôs resolutions ready for you.",77
0.0,0.0,1.0,0.0,@Fox,Sun Jan 07 10:35:04 +0000 2018,"RT @Mkaraguven79: #KitlerSoruyorH√ºk√ºmetKa√ßƒ±yor kitler kadro istiyor.
@TC_Basbakan
@jsarieroglu
@veliagbaba
@oguz_tor
@fox
@startv",78
0.0,0.0,1.0,0.0,@Fox,Sun Jan 07 09:37:12 +0000 2018,@MamaProtective @realDonaldTrump @CNN @cnnbrk @detroitnews @FOX2News @freep @GRPress @MLive @MLiveDetroit @ABC‚Ä¶ https://t.co/ggIyO7XOkQ,79
0.0,0.0,1.0,0.0,@Fox,Sun Jan 07 09:36:45 +0000 2018,"RT @MamaProtective: @realDonaldTrump @CNN @cnnbrk @detroitnews @FOX2News @freep @GRPress @MLive @MLiveDetroit @ABC @FoxNews @fox

WE THE PE‚Ä¶",80
0.1027,0.0,0.811,0.189,@Fox,Sun Jan 07 08:50:17 +0000 2018,"@brianstelter @cnni @CNN @fox *Brian oops, I apologize",81
0.0,0.0,1.0,0.0,@Fox,Sun Jan 07 08:46:28 +0000 2018,@brianstelter @cnni Brain üß† what‚Äôs happened to you? You need to take yourself out of the @CNN liberal circle for 90‚Ä¶ https://t.co/msQc3HUMtg,82
-0.6808,0.25,0.685,0.065,@Fox,Sun Jan 07 08:32:54 +0000 2018,"RT @fox: It‚Äôs possible to fake diversity. Invite enough people to make events or companies look diverse. It‚Äôs dangerous.

Inclusion‚Äîhaving‚Ä¶",83
0.3182,0.0,0.887,0.113,@Fox,Sun Jan 07 08:25:09 +0000 2018,RT @MyriamWinner: .@POTUS .@CNN .@FOX .@Univision .@Telemundo WATCH: Former Senior DEA Official Drops ‚ÄòVery Strange‚Äô Truth About Obama Admi‚Ä¶,84
-0.6808,0.25,0.685,0.065,@Fox,Sun Jan 07 08:21:46 +0000 2018,"RT @fox: It‚Äôs possible to fake diversity. Invite enough people to make events or companies look diverse. It‚Äôs dangerous.

Inclusion‚Äîhaving‚Ä¶",85
-0.6808,0.25,0.685,0.065,@Fox,Sun Jan 07 08:10:02 +0000 2018,"RT @fox: It‚Äôs possible to fake diversity. Invite enough people to make events or companies look diverse. It‚Äôs dangerous.

Inclusion‚Äîhaving‚Ä¶",86
0.0,0.0,1.0,0.0,@Fox,Sun Jan 07 07:13:31 +0000 2018,.@CNNPolitics @NBCPolitics @MSNBC @CBSPolitics @ABCPolitics @PolitiFact @TPM @Salon @TheAtlantic @businessinsider‚Ä¶ https://t.co/JK4Eznh57G,87
-0.807,0.288,0.712,0.0,@Fox,Sun Jan 07 06:58:02 +0000 2018,@ehalliday07 @FoxNews @fox @CNN @MSNBC That was just about the most moronic reply yet. Dumb as a bag of hammers...‚Ä¶ https://t.co/9UdNRDt3Sd,88
0.0,0.0,1.0,0.0,@Fox,Sun Jan 07 06:43:53 +0000 2018,@ehalliday07 @FoxNews @fox @CNN @MSNBC Many of the daca kids are grown up. Theyre not all young children.,89
0.0,0.0,1.0,0.0,@Fox,Sun Jan 07 06:42:06 +0000 2018,@FoxNews what crimes? are there 900 children of @fox employees serving in the military we can interview? @CNN @MSNBC,90
0.0,0.0,1.0,0.0,@Fox,Sun Jan 07 06:37:41 +0000 2018,"RT @fox: I‚Äôve spent a little bit of time with my photo backlog today and decided to publish a few selected shots to @unsplash. üì∏ ‚úåÔ∏è

https:‚Ä¶",91
0.0,0.0,1.0,0.0,@Fox,Sun Jan 07 06:24:19 +0000 2018,"@ThePerezHilton @realDonaldTrump @seanhannity It‚Äôs not @Fox being caught actually releasing false news reports, buddy. ü¶ä",92
0.0,0.0,1.0,0.0,@Fox,Sun Jan 07 06:18:24 +0000 2018,@fox @unsplash Those are üëåüèº,93
0.0,0.0,1.0,0.0,@Fox,Sun Jan 07 06:14:40 +0000 2018,@JanCoxB @FoxNews @POTUS @fox It's negotiating....it's done in business deals every day.. Get schooled..,94
0.0,0.0,1.0,0.0,@Fox,Sun Jan 07 05:54:48 +0000 2018,@Deplorablerenee @boominator64 @FoxNews @cjtfarrell @fox Here you go... https://t.co/ZH3PH9qWJ0,95
-0.0516,0.126,0.758,0.116,@Fox,Sun Jan 07 05:51:22 +0000 2018,"@Deplorablerenee @boominator64 @FoxNews @cjtfarrell @fox He didn‚Äôt increase the debt by that much, research it. The‚Ä¶ https://t.co/i3QDdBk0Ef",96
0.7964,0.0,0.728,0.272,@Fox,Sun Jan 07 05:51:21 +0000 2018,RT @OneMain: The @OneMainRacing team is looking to defend its win at @TalladegaSuperS. Cheer on @Elliott_Sadler at 1 pm on @FOX. https://t.‚Ä¶,97
-0.5483,0.181,0.819,0.0,@Fox,Sun Jan 07 05:49:51 +0000 2018,@Deplorablerenee @boominator64 @FoxNews @cjtfarrell @fox Will believe it when I see it but it‚Äôs highly doubtful. Cu‚Ä¶ https://t.co/0OxWoriTRi,98
-0.3802,0.11,0.89,0.0,@Fox,Sun Jan 07 05:37:16 +0000 2018,"RT @mvm72448: @fox @realDonaldTrump @seanhannity
Tom Hanks and Meryl Streep in the new movie ""post"".  Boycott it!  More BS from the left.‚Ä¶",99
-0.3802,0.11,0.89,0.0,@Fox,Sun Jan 07 05:30:06 +0000 2018,"RT @mvm72448: @fox @realDonaldTrump @seanhannity
Tom Hanks and Meryl Streep in the new movie ""post"".  Boycott it!  More BS from the left.‚Ä¶",100
-0.3612,0.168,0.751,0.081,@NewYorkTimes,Sun Jan 07 17:36:29 +0000 2018,Neither apologize to Blacks for the dirty deeds against African Americans. @blackvoices @RawStory @amjoyshow‚Ä¶ https://t.co/TkjTaAdfPl,1
-0.1027,0.072,0.928,0.0,@NewYorkTimes,Sun Jan 07 16:29:34 +0000 2018,"A man from from Elgin, Illinois, a suburb of Chicago, who opened his basement to homeless people on freezing nights‚Ä¶ https://t.co/FjvHPB6zXr",2
0.872,0.0,0.632,0.368,@NewYorkTimes,Sun Jan 07 16:15:04 +0000 2018,Rich people have always been supportive of their regimes - the Baathists in Iraq had a great life under Hussein. Th‚Ä¶ https://t.co/jRlKZK1Vck,3
0.0,0.0,1.0,0.0,@NewYorkTimes,Sun Jan 07 16:13:16 +0000 2018,#VotePrimaries #Vote2018 #Vote2019 #Vote2020 #EveryVoteCounts #YouWorkForUs #TownHallsAreImportant #TownHall‚Ä¶ https://t.co/dgE9b8TSAh,4
0.5574,0.0,0.769,0.231,@NewYorkTimes,Sun Jan 07 13:36:19 +0000 2018,@CNN @FoxNews @MSNBC @NewYorkTimes how many states have all white Supreme Courts #justiceforDoug,5
0.4926,0.0,0.834,0.166,@NewYorkTimes,Sun Jan 07 12:12:15 +0000 2018,"Funny and spot-on!  @newyorktimes op-ed columnist #gailcollins reminds us that, ‚Äúthere‚Äôs too much talk about the... https://t.co/QPctyamhTw",6
0.296,0.0,0.864,0.136,@NewYorkTimes,Sun Jan 07 09:23:15 +0000 2018,@jayrosen_nyu @setislady @brianstelter He &amp; Haberman should join @foxnews for spreading the #TrumpGopPropaganda. Wh‚Ä¶ https://t.co/IntSH5KL15,7
0.0,0.0,1.0,0.0,@NewYorkTimes,Sun Jan 07 01:06:02 +0000 2018,@Almagro_OEA2015 @OEA_oficial @hrw_espanol @JMVivancoHRW @amnesty @AmnistiaOnline @Pontifex_es @EP_President‚Ä¶ https://t.co/MFKIfsKOUT,8
0.0,0.0,1.0,0.0,@NewYorkTimes,Sun Jan 07 01:04:52 +0000 2018,@Almagro_OEA2015 @OEA_oficial @hrw_espanol @JMVivancoHRW @amnesty @AmnistiaOnline @Pontifex_es @EP_President‚Ä¶ https://t.co/ZvFbKoQwa8,9
0.0,0.0,1.0,0.0,@NewYorkTimes,Sun Jan 07 01:04:03 +0000 2018,@Almagro_OEA2015 @OEA_oficial @hrw_espanol @JMVivancoHRW @amnesty @AmnistiaOnline @Pontifex_es @EP_President‚Ä¶ https://t.co/0K4KfwTEqq,10
0.0,0.0,1.0,0.0,@NewYorkTimes,Sun Jan 07 01:02:01 +0000 2018,@Almagro_OEA2015 @OEA_oficial @hrw_espanol @JMVivancoHRW @amnesty @AmnistiaOnline @Pontifex_es @EP_President‚Ä¶ https://t.co/mkUqOrOE9c,11
0.0,0.0,1.0,0.0,@NewYorkTimes,Sun Jan 07 01:01:11 +0000 2018,@Almagro_OEA2015 @OEA_oficial @hrw_espanol @JMVivancoHRW @amnesty @AmnistiaOnline @Pontifex_es @EP_President‚Ä¶ https://t.co/RqG8facJ0V,12
0.0,0.0,1.0,0.0,@NewYorkTimes,Sun Jan 07 00:53:42 +0000 2018,@Almagro_OEA2015 @OEA_oficial @hrw_espanol @JMVivancoHRW @amnesty @AmnistiaOnline @Pontifex_es @EP_President‚Ä¶ https://t.co/YafG0DgCct,13
0.0,0.0,1.0,0.0,@NewYorkTimes,Sun Jan 07 00:50:44 +0000 2018,@Almagro_OEA2015 @OEA_oficial @hrw_espanol @JMVivancoHRW @amnesty @AmnistiaOnline @Pontifex_es @EP_President‚Ä¶ https://t.co/HojWGpZDmz,14
0.0,0.0,1.0,0.0,@NewYorkTimes,Sun Jan 07 00:48:50 +0000 2018,@Almagro_OEA2015 @OEA_oficial @hrw_espanol @JMVivancoHRW @amnesty @AmnistiaOnline @Pontifex_es @EP_President‚Ä¶ https://t.co/DaCnk2CV5U,15
0.0,0.0,1.0,0.0,@NewYorkTimes,Sun Jan 07 00:46:37 +0000 2018,@Almagro_OEA2015 @OEA_oficial @hrw_espanol @JMVivancoHRW @amnesty @AmnistiaOnline @Pontifex_es @EP_President‚Ä¶ https://t.co/CGYryYEig4,16
0.0,0.0,1.0,0.0,@NewYorkTimes,Sun Jan 07 00:44:31 +0000 2018,@Almagro_OEA2015 @OEA_oficial @hrw_espanol @JMVivancoHRW @amnesty @AmnistiaOnline @Pontifex_es @EP_President‚Ä¶ https://t.co/O4675VKYeO,17
0.0,0.0,1.0,0.0,@NewYorkTimes,Sun Jan 07 00:25:34 +0000 2018,@Almagro_OEA2015 @OEA_oficial @hrw_espanol @JMVivancoHRW @amnesty @AmnistiaOnline @Pontifex_es @EP_President‚Ä¶ https://t.co/4rBMOv65AU,18
0.0,0.0,1.0,0.0,@NewYorkTimes,Sun Jan 07 00:22:40 +0000 2018,@Almagro_OEA2015 @OEA_oficial @hrw_espanol @JMVivancoHRW @amnesty @AmnistiaOnline @Pontifex_es @EP_President‚Ä¶ https://t.co/ZmMUONOSym,19
0.0,0.0,1.0,0.0,@NewYorkTimes,Sun Jan 07 00:20:35 +0000 2018,@DanielBlancoPz @Almagro_OEA2015 @OEA_oficial @hrw_espanol @JMVivancoHRW @amnesty @AmnistiaOnline @Pontifex_es‚Ä¶ https://t.co/FNsu3r38n9,20
0.0,0.0,1.0,0.0,@NewYorkTimes,Sun Jan 07 00:20:04 +0000 2018,"130 Miles, 8 Days, 1 Spellbound Photographer on Kodiak Island: How an epic hiking and packrafting trip on Kodiak Is‚Ä¶ https://t.co/IWjJj3Lamp",21
-0.6792,0.223,0.777,0.0,@NewYorkTimes,Sat Jan 06 22:07:26 +0000 2018,@Cernovich @ShaunaGee I couldn't even read such rubbish!!  @NewYorkTimes is racist for all their black against whit‚Ä¶ https://t.co/eWlpR5UTOS,22
0.0,0.0,1.0,0.0,@NewYorkTimes,Sat Jan 06 16:12:02 +0000 2018,RT @KaporCenter: #InCaseYouMissedIt Saudi Money Fuels the Tech Industry. It's Time to Ask Why. via @newyorktimes https://t.co/XhXdgMLBT1,23
0.0,0.0,1.0,0.0,@NewYorkTimes,Sat Jan 06 16:08:54 +0000 2018,RT @KaporCenter: #InCaseYouMissedIt Saudi Money Fuels the Tech Industry. It's Time to Ask Why. via @newyorktimes https://t.co/XhXdgMLBT1,24
0.0,0.0,1.0,0.0,@NewYorkTimes,Sat Jan 06 16:04:23 +0000 2018,RT @KaporCenter: #InCaseYouMissedIt Saudi Money Fuels the Tech Industry. It's Time to Ask Why. via @newyorktimes https://t.co/XhXdgMLBT1,25
0.0,0.0,1.0,0.0,@NewYorkTimes,Sat Jan 06 15:59:58 +0000 2018,RT @KaporCenter: #InCaseYouMissedIt Saudi Money Fuels the Tech Industry. It's Time to Ask Why. via @newyorktimes https://t.co/XhXdgMLBT1,26
0.4767,0.0,0.819,0.181,@NewYorkTimes,Sat Jan 06 14:13:39 +0000 2018,Illuminating story about working @newyorktimes from intelligence reporter James Risen. But why published in‚Ä¶ https://t.co/GgHZwL40lb,27
0.0,0.0,1.0,0.0,@NewYorkTimes,Sat Jan 06 03:58:29 +0000 2018,RT @KaporCenter: #InCaseYouMissedIt Saudi Money Fuels the Tech Industry. It's Time to Ask Why. via @newyorktimes https://t.co/XhXdgMLBT1,28
0.0,0.0,1.0,0.0,@NewYorkTimes,Sat Jan 06 03:37:06 +0000 2018,RT @KaporCenter: #InCaseYouMissedIt Saudi Money Fuels the Tech Industry. It's Time to Ask Why. via @newyorktimes https://t.co/XhXdgMLBT1,29
0.0,0.0,1.0,0.0,@NewYorkTimes,Sat Jan 06 01:22:32 +0000 2018,RT @KaporCenter: #InCaseYouMissedIt Saudi Money Fuels the Tech Industry. It's Time to Ask Why. via @newyorktimes https://t.co/XhXdgMLBT1,30
0.0,0.0,1.0,0.0,@NewYorkTimes,Sat Jan 06 01:18:04 +0000 2018,RT @KaporCenter: #InCaseYouMissedIt Saudi Money Fuels the Tech Industry. It's Time to Ask Why. via @newyorktimes https://t.co/XhXdgMLBT1,31
0.0,0.0,1.0,0.0,@NewYorkTimes,Sat Jan 06 01:14:45 +0000 2018,RT @KaporCenter: #InCaseYouMissedIt Saudi Money Fuels the Tech Industry. It's Time to Ask Why. via @newyorktimes https://t.co/XhXdgMLBT1,32
0.0,0.0,1.0,0.0,@NewYorkTimes,Sat Jan 06 01:11:48 +0000 2018,RT @KaporCenter: #InCaseYouMissedIt Saudi Money Fuels the Tech Industry. It's Time to Ask Why. via @newyorktimes https://t.co/XhXdgMLBT1,33
-0.4222,0.133,0.812,0.055,@NewYorkTimes,Sat Jan 06 00:42:46 +0000 2018,"@8BitCentral Looks that way, if they don't pay these people it's highly likely that @atari staff may be arrested wh‚Ä¶ https://t.co/H6yROz8VWP",34
0.0,0.0,1.0,0.0,@NewYorkTimes,Sat Jan 06 00:07:48 +0000 2018,En Caos? @Almagro_OEA2015 @OEA_oficial @hrw_espanol @JMVivancoHRW @amnesty @AmnistiaOnline @Pontifex_es‚Ä¶ https://t.co/peMFP2oQq3,35
0.0,0.0,1.0,0.0,@NewYorkTimes,Sat Jan 06 00:03:20 +0000 2018,@Almagro_OEA2015 @OEA_oficial @hrw_espanol @JMVivancoHRW @amnesty @AmnistiaOnline @Pontifex_es @EP_President‚Ä¶ https://t.co/S6bql94gWk,36
0.0,0.0,1.0,0.0,@NewYorkTimes,Fri Jan 05 23:59:56 +0000 2018,@Almagro_OEA2015 @OEA_oficial @hrw_espanol @JMVivancoHRW @amnesty @AmnistiaOnline @Pontifex_es @EP_President‚Ä¶ https://t.co/8oGJG8zpO3,37
0.0,0.0,1.0,0.0,@NewYorkTimes,Fri Jan 05 23:55:56 +0000 2018,@Almagro_OEA2015 @OEA_oficial @hrw_espanol @JMVivancoHRW @amnesty @AmnistiaOnline @Pontifex_es @EP_President‚Ä¶ https://t.co/5twgdhvooS,38
0.0,0.0,1.0,0.0,@NewYorkTimes,Fri Jan 05 23:48:59 +0000 2018,@Almagro_OEA2015 @OEA_oficial @hrw_espanol @JMVivancoHRW @amnesty @AmnistiaOnline @Pontifex_es @EP_President‚Ä¶ https://t.co/G2XBgQjsPP,39
0.0,0.0,1.0,0.0,@NewYorkTimes,Fri Jan 05 23:44:57 +0000 2018,@RCTVenlinea @Almagro_OEA2015 @OEA_oficial @hrw_espanol @JMVivancoHRW @amnesty @AmnistiaOnline @Pontifex_es‚Ä¶ https://t.co/V4dAlmr9v6,40
0.0,0.0,1.0,0.0,@NewYorkTimes,Fri Jan 05 23:33:52 +0000 2018,@Almagro_OEA2015 @OEA_oficial @hrw_espanol @JMVivancoHRW @amnesty @Pontifex_es @EP_President @IntlCrimCourt @abc_es‚Ä¶ https://t.co/qAvVTmbbCy,41
0.4767,0.0,0.829,0.171,@NewYorkTimes,Fri Jan 05 21:34:26 +0000 2018,"RT @mpijnappels: ""Vallen verleden tijd"", an effective Dutch fall prevention programme by @maartenskliniek in @newyorktimes https://t.co/8gO‚Ä¶",42
0.875,0.0,0.6,0.4,@NewYorkTimes,Fri Jan 05 20:19:24 +0000 2018,"@carigervin Yes, coq au vin is perfect for a new dutch oven. The @NewYorkTimes cooking site recipe is fantastic.",43
0.6486,0.0,0.777,0.223,@NewYorkTimes,Fri Jan 05 19:50:51 +0000 2018,"RT @thodson: We, @woub, are listed in the top 17 in the country for Journalism Solutions ‚Äì along with the likes of the @newyorktimes &amp; @was‚Ä¶",44
0.6486,0.0,0.777,0.223,@NewYorkTimes,Fri Jan 05 19:22:23 +0000 2018,"RT @thodson: We, @woub, are listed in the top 17 in the country for Journalism Solutions ‚Äì along with the likes of the @newyorktimes &amp; @was‚Ä¶",45
0.5859,0.0,0.826,0.174,@NewYorkTimes,Fri Jan 05 18:23:54 +0000 2018,The only way that #AGSulzberger is going to turn around #FakeNews winner of a #FakeNewsAwards @newyorktimes is to c‚Ä¶ https://t.co/n68MGE8OA7,46
0.4738,0.0,0.808,0.192,@NewYorkTimes,Fri Jan 05 17:49:06 +0000 2018,RT @KylaGrogan: Can't believe this was #CentralPark yesterday!!  Pic courtesy of @NewYorkTimes #Snowstorm2018 https://t.co/iYbwMsoNMd,47
0.0,0.0,1.0,0.0,@NewYorkTimes,Fri Jan 05 17:05:00 +0000 2018,RT @KaporCenter: #InCaseYouMissedIt Saudi Money Fuels the Tech Industry. It's Time to Ask Why. via @newyorktimes https://t.co/XhXdgMLBT1,48
-0.3818,0.178,0.822,0.0,@NewYorkTimes,Fri Jan 05 16:26:00 +0000 2018,Upset by the @newyorktimes obituary of Mormon President Thomas S. Monson #unfollowthenyt https://t.co/N6l5AYm1ZJ,49
0.296,0.0,0.694,0.306,@NewYorkTimes,Fri Jan 05 15:50:13 +0000 2018,Helping Those Who #Hoard https://t.co/hAyl1qyTSO @newyorktimes,50
0.0,0.0,1.0,0.0,@NewYorkTimes,Fri Jan 05 15:45:48 +0000 2018,RT @KaporCenter: #InCaseYouMissedIt Saudi Money Fuels the Tech Industry. It's Time to Ask Why. via @newyorktimes https://t.co/XhXdgMLBT1,51
0.4738,0.0,0.808,0.192,@NewYorkTimes,Fri Jan 05 15:30:23 +0000 2018,RT @KylaGrogan: Can't believe this was #CentralPark yesterday!!  Pic courtesy of @NewYorkTimes #Snowstorm2018 https://t.co/iYbwMsoNMd,52
0.0,0.0,1.0,0.0,@NewYorkTimes,Fri Jan 05 15:28:20 +0000 2018,RT @KaporCenter: #InCaseYouMissedIt Saudi Money Fuels the Tech Industry. It's Time to Ask Why. via @newyorktimes https://t.co/XhXdgMLBT1,53
-0.296,0.306,0.694,0.0,@NewYorkTimes,Fri Jan 05 15:16:20 +0000 2018,@KylaGrogan @newyorktimes See what you're missing? üòÅ,54
0.0,0.0,1.0,0.0,@NewYorkTimes,Fri Jan 05 15:13:46 +0000 2018,RT @KaporCenter: #InCaseYouMissedIt Saudi Money Fuels the Tech Industry. It's Time to Ask Why. via @newyorktimes https://t.co/XhXdgMLBT1,55
0.0,0.0,1.0,0.0,@NewYorkTimes,Fri Jan 05 15:07:10 +0000 2018,RT @KaporCenter: #InCaseYouMissedIt Saudi Money Fuels the Tech Industry. It's Time to Ask Why. via @newyorktimes https://t.co/XhXdgMLBT1,56
0.4738,0.0,0.808,0.192,@NewYorkTimes,Fri Jan 05 15:04:51 +0000 2018,RT @KylaGrogan: Can't believe this was #CentralPark yesterday!!  Pic courtesy of @NewYorkTimes #Snowstorm2018 https://t.co/iYbwMsoNMd,57
0.0,0.0,1.0,0.0,@NewYorkTimes,Fri Jan 05 15:02:31 +0000 2018,#InCaseYouMissedIt Saudi Money Fuels the Tech Industry. It's Time to Ask Why. via @newyorktimes https://t.co/XhXdgMLBT1,58
0.4738,0.0,0.781,0.219,@NewYorkTimes,Fri Jan 05 15:01:38 +0000 2018,Can't believe this was #CentralPark yesterday!!  Pic courtesy of @NewYorkTimes #Snowstorm2018 https://t.co/iYbwMsoNMd,59
0.0,0.0,1.0,0.0,@NewYorkTimes,Fri Jan 05 10:53:03 +0000 2018,@NewYorkTimes espa√±ol,60
0.0,0.0,1.0,0.0,@NewYorkTimes,Fri Jan 05 05:37:29 +0000 2018,RT @KaporCenter: #InCaseYouMissedIt Saudi Money Fuels the Tech Industry. It's Time to Ask Why. via @newyorktimes https://t.co/XhXdgMLBT1,61
0.6486,0.0,0.777,0.223,@NewYorkTimes,Fri Jan 05 01:44:25 +0000 2018,"RT @thodson: We, @woub, are listed in the top 17 in the country for Journalism Solutions ‚Äì along with the likes of the @newyorktimes &amp; @was‚Ä¶",62
0.4767,0.0,0.807,0.193,@NewYorkTimes,Fri Jan 05 00:32:06 +0000 2018,"""Vallen verleden tijd"", an effective Dutch fall prevention programme by @maartenskliniek in @newyorktimes https://t.co/8gOBlOoU2b",63
0.6486,0.0,0.777,0.223,@NewYorkTimes,Thu Jan 04 22:13:03 +0000 2018,"RT @thodson: We, @woub, are listed in the top 17 in the country for Journalism Solutions ‚Äì along with the likes of the @newyorktimes &amp; @was‚Ä¶",64
0.0,0.0,1.0,0.0,@NewYorkTimes,Thu Jan 04 22:10:27 +0000 2018,RT @KaporCenter: #InCaseYouMissedIt Saudi Money Fuels the Tech Industry. It's Time to Ask Why. via @newyorktimes https://t.co/XhXdgMLBT1,65
0.0,0.0,1.0,0.0,@NewYorkTimes,Thu Jan 04 22:05:20 +0000 2018,RT @KaporCenter: #InCaseYouMissedIt Saudi Money Fuels the Tech Industry. It's Time to Ask Why. via @newyorktimes https://t.co/XhXdgMLBT1,66
0.0,0.0,1.0,0.0,@NewYorkTimes,Thu Jan 04 21:55:27 +0000 2018,RT @KaporCenter: #InCaseYouMissedIt Saudi Money Fuels the Tech Industry. It's Time to Ask Why. via @newyorktimes https://t.co/XhXdgMLBT1,67
0.5707,0.0,0.575,0.425,@NewYorkTimes,Thu Jan 04 21:53:11 +0000 2018,@thodson @woub @newyorktimes @washingtonpost @OVReSRC Congrats!,68
0.6486,0.0,0.741,0.259,@NewYorkTimes,Thu Jan 04 21:45:07 +0000 2018,"We, @woub, are listed in the top 17 in the country for Journalism Solutions ‚Äì along with the likes of the‚Ä¶ https://t.co/8zXl17TfLP",69
-0.5574,0.194,0.806,0.0,@NewYorkTimes,Thu Jan 04 21:32:19 +0000 2018,@Conde_Duque @washingtonpost @newyorktimes Sin duda la prensa pol√≠tica es m√°s prestigiosa y profesional que la espa‚Ä¶ https://t.co/MFcNSXZ6CS,70
0.0,0.0,1.0,0.0,@NewYorkTimes,Thu Jan 04 20:58:49 +0000 2018,@elkloden @washingtonpost @newyorktimes Ahhh... en los Estados Unidos üá∫üá∏NO HAY rey ni corte ... por ello la DEMOCRACIA funciona mejor ...,71
0.0,0.0,1.0,0.0,@NewYorkTimes,Thu Jan 04 20:57:07 +0000 2018,"@elkloden Debemos DENUNCIAR LA  PRENSA en #Espa√±a
Es amarillista y manipuladora.
Es Fr√≠vola, alienante y servil al‚Ä¶ https://t.co/F12Jt8wcBU",72
0.0,0.0,1.0,0.0,@NewYorkTimes,Thu Jan 04 20:19:24 +0000 2018,"@NewYorkTimes_es @NewYorkTimes 

¬°100 ùñâùñéùñÜùñò! https://t.co/oTVJTT2Oy1",73
0.0,0.0,1.0,0.0,@NewYorkTimes,Thu Jan 04 18:44:17 +0000 2018,First #threewords of this @newyorktimes #headline could be used on a #dailybasis #furious #Trump #snaps‚Ä¶ https://t.co/WmPPcwKgtF,74
0.0,0.0,1.0,0.0,@NewYorkTimes,Thu Jan 04 16:42:37 +0000 2018,Wondering what new books to dive into? @pbsnewshour +@newyorktimes presents a new book club: #NowReadThis. Learn mo‚Ä¶ https://t.co/PziyzREH8Y,75
0.0,0.0,1.0,0.0,@NewYorkTimes,Thu Jan 04 16:41:20 +0000 2018,Wondering what new books to dive into? @pbsnewshour +@newyorktimes presents a new book club: #NowReadThis. Learn mo‚Ä¶ https://t.co/2y4gS0JfT6,76
-0.7096,0.258,0.742,0.0,@NewYorkTimes,Thu Jan 04 16:21:02 +0000 2018,"https://t.co/eXklbx72lI

With the recent fatal fire in New York, this article from the @newyorktimes looks at why k‚Ä¶ https://t.co/BDOEq3IkH4",77
0.0,0.0,1.0,0.0,@NewYorkTimes,Thu Jan 04 15:40:23 +0000 2018,"@LaOtraCronica Que temas tan trascendentales y constructivos ...
Debemos DENUNCIAR LA  PRENSA en #Espa√±a
Es amarill‚Ä¶ https://t.co/TVPLzsWmvh",78
0.0,0.0,1.0,0.0,@NewYorkTimes,Thu Jan 04 15:08:17 +0000 2018,@LaureeTilton @SarahLerner @washingtonpost @newyorktimes My vote in the US counts even less...I vote in MA.  Not ex‚Ä¶ https://t.co/mkC5DQGWIk,79
0.4404,0.0,0.838,0.162,@NewYorkTimes,Thu Jan 04 15:02:04 +0000 2018,@Issybelle99 @SarahLerner @washingtonpost @newyorktimes Good question - will you be studying in Sweden? BC the infl‚Ä¶ https://t.co/32DOZ7CWhk,80
0.4574,0.0,0.8,0.2,@NewYorkTimes,Thu Jan 04 14:07:14 +0000 2018,"In Finland, a Postal Worker Will Mow Your Lawn  https://t.co/aLtiFW29YU // Interesting! @newyorktimes https://t.co/c11prARfjK",81
0.0,0.0,1.0,0.0,@NewYorkTimes,Thu Jan 04 12:05:15 +0000 2018,Sasakawa USA 2017 Journalism Fellow Seth Berkman writes in this week's @newyorktimes about baseball franchises stru‚Ä¶ https://t.co/5GGXU4xdUk,82
0.0,0.0,1.0,0.0,@NewYorkTimes,Thu Jan 04 08:50:18 +0000 2018,@LaureeTilton @SarahLerner @washingtonpost @newyorktimes Let‚Äôs see some red state refugee pieces...we need to under‚Ä¶ https://t.co/4biJKOCLxI,83
-0.5106,0.231,0.769,0.0,@NewYorkTimes,Thu Jan 04 08:49:34 +0000 2018,@LaureeTilton @SarahLerner @washingtonpost @newyorktimes I‚Äôm also sick of ‚ÄúTrump voter feelings‚Äù pieces,84
0.3612,0.0,0.872,0.128,@NewYorkTimes,Thu Jan 04 08:48:30 +0000 2018,@LaureeTilton @SarahLerner @washingtonpost @newyorktimes I‚Äôd like to find a way to use my sub to influence. Also as‚Ä¶ https://t.co/eyf6JvGh3d,85
-0.296,0.145,0.855,0.0,@NewYorkTimes,Thu Jan 04 08:46:43 +0000 2018,@Issybelle99 @SarahLerner @washingtonpost @newyorktimes I already dropped my subscriptions to both. I see no reason‚Ä¶ https://t.co/mmg1A4Qyzn,86
0.4019,0.0,0.838,0.162,@NewYorkTimes,Thu Jan 04 08:42:37 +0000 2018,"@LaureeTilton @SarahLerner @washingtonpost @newyorktimes Yup, it‚Äôs getting old. They need to clean ranks. I subscri‚Ä¶ https://t.co/suqg88bOAw",87
-0.8686,0.423,0.577,0.0,@NewYorkTimes,Thu Jan 04 08:41:32 +0000 2018,@SarahLerner @Issybelle99 REALLY! I'm so tired of this shit. Especially from @washingtonpost and @NewYorkTimes,88
0.0,0.0,1.0,0.0,@NewYorkTimes,Thu Jan 04 06:53:01 +0000 2018,The majority of American's did not vote for Trump so I can understand why the reaction to his NYT @NewYorkTimes int‚Ä¶ https://t.co/7FCUPzV55y,89
0.6633,0.172,0.408,0.419,@NewYorkTimes,Thu Jan 04 03:22:52 +0000 2018,"@realDonaldTrump @CNN
@FOXANDFRIENDS @NEWYORKTIMES @WASHINGTONPOST 

Better a cruel TRUTH then a comfortable delusion.

¬†-¬†Edward Abbey",90
-0.0772,0.119,0.776,0.105,@NewYorkTimes,Thu Jan 04 02:36:15 +0000 2018,"A fresh #perspective on the potential of #A.I. and #BigData. Can we use it to fight #poverty, #homelessness, and‚Ä¶ https://t.co/V1y2IVqSUl",91
-0.7184,0.333,0.667,0.0,@NewYorkTimes,Thu Jan 04 02:18:47 +0000 2018,@TuckerCarlson @NewYorkTimes @CBSNews  #IranianProtests  Shameful media if crowd of 100 protesting anything anti-co‚Ä¶ https://t.co/WbK1RpnREy,92
0.6124,0.104,0.625,0.271,@NewYorkTimes,Thu Jan 04 01:51:28 +0000 2018,"If you enjoyed seeing ""Isaac Oliver's Lonely Christmas"" earlier this month at #diversionary, you may enjoy reading‚Ä¶ https://t.co/jloSWCt6aB",93
0.0,0.0,1.0,0.0,@NewYorkTimes,Wed Jan 03 18:49:39 +0000 2018,"RT @Dansereau31: @realDonaldTrump
@StephenBannon @IvankaTrump @DonaldJTrumpJr @jaredkushner  @washingtonpost @newyorktimes @CNN

POTUS ~~
T‚Ä¶",94
0.0,0.0,1.0,0.0,@NewYorkTimes,Wed Jan 03 18:40:40 +0000 2018,"@realDonaldTrump
@StephenBannon @IvankaTrump @DonaldJTrumpJr @jaredkushner  @washingtonpost @newyorktimes @CNN

POT‚Ä¶ https://t.co/8PUwJJut4u",95
0.0,0.0,1.0,0.0,@NewYorkTimes,Wed Jan 03 18:18:58 +0000 2018,Sasakawa USA 2017 Journalism Fellow Seth Berkman writes in this week's @newyorktimes  about baseball franchises str‚Ä¶ https://t.co/nqb2tl0CHt,96
0.0,0.0,1.0,0.0,@NewYorkTimes,Wed Jan 03 17:20:22 +0000 2018,@NewYorkTimes what a difference in construction costs - #NewYorkCity vs #Paris . https://t.co/GlHmLF6sQO,97
0.0,0.0,1.0,0.0,@NewYorkTimes,Wed Jan 03 17:04:36 +0000 2018,A Note From Our New Publisher https://t.co/mxUIqqkb1W #TheNewYorkTimes @NewYorkTimes,98
0.2937,0.099,0.747,0.154,@NewYorkTimes,Wed Jan 03 14:29:43 +0000 2018,RT @OlivierGuitta: #IranProtests: Kudos to @newyorktimes liberal columnist Roger Cohen- which I rarely agree with- to acknowledge that #Tru‚Ä¶,99
0.2937,0.099,0.747,0.154,@NewYorkTimes,Wed Jan 03 13:28:12 +0000 2018,RT @OlivierGuitta: #IranProtests: Kudos to @newyorktimes liberal columnist Roger Cohen- which I rarely agree with- to acknowledge that #Tru‚Ä¶,100
